date,strdate,london,paris,amsterdam,frankfort,hamburg,berlin,url,issue
1/1/1860,January 1,9 9.375,5.1875 5.175,41.3725 41.625,41.75 41.875,36.5 36.75,73 73.25,http://books.google.com/books?id=06YRAAAAYAAJ&pg=PA73,Jul 1860
1/15/1860,January 15,8.5 9,5.215 5.1875,41.75 41.5,41.25 41.25,36.375 36.625,73.75 73.5,http://books.google.com/books?id=06YRAAAAYAAJ&pg=PA73,Jul 1860
2/1/1860,February 1,8.875 9,5.1875 5.175,41.5 41.25,41.625 41.75,36.375 36.625,73.375 73.625,http://books.google.com/books?id=06YRAAAAYAAJ&pg=PA73,Jul 1860
2/15/1860,February 15,8.125 9,5.1875 5.175,41.375 41.5,41.5 41.625,36.5 36.25,73.375 73.5,http://books.google.com/books?id=06YRAAAAYAAJ&pg=PA73,Jul 1860
3/1/1860,March 1,8.675 9,5.175 5.15,41.5 41.75,41.75 41.875,36.625 36.875,73.625 73.875,http://books.google.com/books?id=06YRAAAAYAAJ&pg=PA73,Jul 1860
3/15/1860,March 15,8.675 8.875,5.175 5.15625,41.625 41.75,41.625 41.75,36.625 36.75,73.25 73.375,http://books.google.com/books?id=06YRAAAAYAAJ&pg=PA73,Jul 1860
4/1/1860,April 1,8.675 8.875,5.1875 5.1625,41.5 41.625,41.5 41.625,36.375 37.75,73.25 73.375,http://books.google.com/books?id=06YRAAAAYAAJ&pg=PA73,Jul 1860
4/15/1860,April 15,8.675 8.875,5.1625 1.1725,41.375 41.5,41.625 41.75,36.75 36.875,73.25 73.375,http://books.google.com/books?id=06YRAAAAYAAJ&pg=PA73,Jul 1860
5/1/1860,May 1,9.25 9.5,5.135 5.125,41.5 41.75,41.875 42,36.75 37,73.5 73.75,http://books.google.com/books?id=QKcRAAAAYAAJ&pg=PA79,Jan 1861
5/15/1860,May 15,9.375 9.625,5.1375 5.1325,41.625 41.875,41.875 42,37 37.5,73.75 73.875,http://books.google.com/books?id=QKcRAAAAYAAJ&pg=PA79,Jan 1861
6/1/1860,June 1,9.625 9.75,5.13125 5.125,41.75 41.875,41.875 42,36.75 37.125,73.75 73.875,http://books.google.com/books?id=QKcRAAAAYAAJ&pg=PA79,Jan 1861
6/15/1860,June 15,9.5 9.75,5.1375 5.125,41.625 41.75,41.875 42,36.75 37.125,73.625 73.875,http://books.google.com/books?id=QKcRAAAAYAAJ&pg=PA79,Jan 1861
7/1/1860,July 1,9.5 9.875,5.1375 5.13125,41.625 41.75,41.875 42,36.75 37,73.75 73.875,http://books.google.com/books?id=QKcRAAAAYAAJ&pg=PA79,Jan 1861
7/15/1860,July 15,9.5 9.875,5.1375 5.13125,41.5 41.75,41.75 41.875,36.75 37,73.75 73.875,http://books.google.com/books?id=QKcRAAAAYAAJ&pg=PA79,Jan 1861
8/1/1860,August 1,9.625 9.875,5.1375 5.13125,41.625 41.75,41.875 42,36.75 37,73.75 73.875,http://books.google.com/books?id=QKcRAAAAYAAJ&pg=PA79,Jan 1861
8/15/1860,August 15,9.625 10,5.1375 5.13125,41.74 41.875,41.875 42,36.875 37.125,73.75 73.875,http://books.google.com/books?id=QKcRAAAAYAAJ&pg=PA79,Jan 1861
9/1/1860,September 1,9.75 10,5.14375 5.13125,41.625 41.875,41.875 42,36.875 37,73.625 73.75,http://books.google.com/books?id=QKcRAAAAYAAJ&pg=PA79,Jan 1861
9/15/1860,September 15,9.75 9.875,5.14375 5.13125,41.625 41.75,41.75 42,36.625 36.875,73.625 73.875,http://books.google.com/books?id=QKcRAAAAYAAJ&pg=PA79,Jan 1861
10/1/1860,October 1,9.125 9.675,5.15625 5.1475,41.5 41.75,41.74 41.875,36.625 36.875,73.5 73.75,http://books.google.com/books?id=QKcRAAAAYAAJ&pg=PA79,Jan 1861
10/15/1860,October 15,8.25 9,5.175 5.16625,41.5 41.75,41.625 41.75,36.5 36.75,73.125 73.375,http://books.google.com/books?id=QKcRAAAAYAAJ&pg=PA79,Jan 1861
11/1/1860,November 1,8 8.625,5.2 5.175,41.25 41.5,41.375 41.5,36.125 36.125,72 73,http://books.google.com/books?id=QKcRAAAAYAAJ&pg=PA79,Jan 1861
11/15/1860,November 15,5 6.75,5.3 5.235,40.125 40.25,40.75 41.5,35.5 36.25,72.25 72.5,http://books.google.com/books?id=QKcRAAAAYAAJ&pg=PA79,Jan 1861
12/1/1860,December 1,1 5,5.475 5.4,39.5 40.25,40 40.25,34.75 35.25,69.5 70.25,http://books.google.com/books?id=QKcRAAAAYAAJ&pg=PA416,Apr 1861
12/15/1860,December 15,1 4,5.6 5.5,39 39.5,39 39.5,34.25 34.75,72.5 73.5,http://books.google.com/books?id=QKcRAAAAYAAJ&pg=PA416,Apr 1861
1/1/1861,January 1,2.5 5,5.40 5.45,38.75 39.5,39.5 39.875,34.5 35,68.875 69.5,http://books.google.com/books?id=QKcRAAAAYAAJ&pg=PA416,Apr 1861
1/15/1861,January 15,5.75 6.5,5.30 5.3375,40 40.75,40.5 40.75,35.5 35.875,70.25 70.5,,
2/1/1861,February 1,5 6,5.375 5.35,40 40.5,40.25 40.5,35.75 36,70.5 70.375,http://books.google.com/books?id=QKcRAAAAYAAJ&pg=PA416,Apr 1861
2/15/1861,February 15,2 5.5,5.425 5.35,39.75 40.5,40.375 40.625,35.5 35.75,70.75 70.875,http://books.google.com/books?id=QKcRAAAAYAAJ&pg=PA416,Apr 1861
3/1/1861,March 1,3.5 6,5.40 5.35,39.5 40.25,40.375 40.75,35.75 35.5,70.75 71,http://books.google.com/books?id=QKcRAAAAYAAJ&pg=PA416,Apr 1861
3/15/1861,March 15,6 6.75,5.37 5.30,40 40.75,40.625 40.875,36 36.5,70.75 71.25,http://books.google.com/books?id=QKcRAAAAYAAJ&pg=PA416,Apr 1861
12/1/1861,December 1,109 109.5,5.25 5.15,40.625 40.75,41 41.5,35.75 36,73.75 74,http://books.google.com/books?id=iFxJAAAAMAAJ&pg=PA407,April 1862
12/15/1861,December 15,110.5 110.75,5.15 5.10,41.5 41.75,41.75 42,36.75 37,74 74.5,http://books.google.com/books?id=iFxJAAAAMAAJ&pg=PA407,April 1862
1/1/1862,January 1,110.5 113,5.125 5.05,42 42.5,42.5 43,37.5 38,74.5 75,http://books.google.com/books?id=iFxJAAAAMAAJ&pg=PA407,April 1862
1/15/1862,January 15,113.5 114,5.05 4.90,42.5 43.5,43.5 43.75,37.25 38,75.5 76.25,http://books.google.com/books?id=iFxJAAAAMAAJ&pg=PA407,April 1862
2/1/1862,February 1,113 113.5,5.10 4.95,42.25 43.5,43.25 43.5,37 38.25,75.5 76,http://books.google.com/books?id=iFxJAAAAMAAJ&pg=PA407,April 1862
2/15/1862,February 15,115 115.5,4.975 4.90,42.75 43.5,43.75 44,37.625 38.5,76.5 77,http://books.google.com/books?id=iFxJAAAAMAAJ&pg=PA407,April 1862
3/1/1862,March 1,112 113,5.05 5.00,42.5 43,42.75 43,37 37.75,75.25 75.75,http://books.google.com/books?id=iFxJAAAAMAAJ&pg=PA407,April 1862
3/15/1862,March 15,112.25 112.5,5.075 5.0375,42.5 43,42.25 43.75,36.75 37.75,74.75 75,http://books.google.com/books?id=iFxJAAAAMAAJ&pg=PA407,April 1862
3/22/1862,March 22,111 112.25,5.0875 5.0075,42 42.5,42.5 42.625,36.625 37.25,74 74.5,http://books.google.com/books?id=u11JAAAAMAAJ&pg=PA33,July 1862
3/29/1862,March 29,111 112,5.10 5.05,42 42.5,42.25 42.5,36.625 37.25,74.5 75,http://books.google.com/books?id=u11JAAAAMAAJ&pg=PA33,July 1862
4/5/1862,April 5,111.5 112.5,5.075 5.025,42.25 42.75,42.5 42.75,36.875 37.5,74.25 71.75,http://books.google.com/books?id=u11JAAAAMAAJ&pg=PA33,July 1862
4/12/1862,April 12,111.75 112.5,5.10 5.035,42 42.5,42.5 42.75,36.75 37.25,74 74.5,http://books.google.com/books?id=u11JAAAAMAAJ&pg=PA33,July 1862
4/19/1862,April 19,111.875 112.25,5.10 5.0375,41.75 42.25,42.25 42.75,36.625 37.25,74.25 74.75,http://books.google.com/books?id=u11JAAAAMAAJ&pg=PA33,July 1862
4/26/1862,April 26,111.5 112.5,5.025 5.075,42.25 42.5,42.5 42.75,36.75 37.75,74.25 74.75,http://books.google.com/books?id=u11JAAAAMAAJ&pg=PA33,July 1862
5/2/1862,May 2,112.5 113.5,4.975 5.025,42.25 42.75,42.625 47.625,37 37.5,75 75.5,http://books.google.com/books?id=u11JAAAAMAAJ&pg=PA33,July 1862
5/10/1862,May 10,113 114,4.915 5.025,42.5 43,42.75 43.25,37.5 37.5,75 75.75,http://books.google.com/books?id=u11JAAAAMAAJ&pg=PA33,July 1862
5/17/1862,May 17,113 114,4.9625 5.00,42.625 43,42.875 43.25,37.625 38,75.25 75.5,http://books.google.com/books?id=u11JAAAAMAAJ&pg=PA33,July 1862
5/31/1862,May 31,114.5 115,4.925 5.00,42.875 43.5,43.25 43.5,37.5 38.25,75.75 76,http://books.google.com/books?id=u11JAAAAMAAJ&pg=PA33,July 1862
6/7/1862,June 7,114 114.75,4.95 4.91,43 43.25,43.25 43.5,37.875 38.25,75.75 76,http://books.google.com/books?id=u11JAAAAMAAJ&pg=PA33,July 1862
6/14/1862,June 14,114 115,4.75 4.82,43.75 44.5,43.75 44.5,39 39.5,76.75 77.5,http://books.google.com/books?id=u11JAAAAMAAJ&pg=PA33,July 1862
6/26/1862,June 26,117.25 118,4.70 4.66,44.5 45,44.5 45,40 40.5,78 78.75,http://books.google.com/books?id=u11JAAAAMAAJ&pg=PA33,July 1862
7/5/1862,July 5,120.5 121,4.70 4.625,55.25 45.5,45 45.25,45 45.25,79 79.5,http://books.google.com/books?id=H15JAAAAMAAJ&pg=PA73,Jan 1863
7/12/1862,July 12,127 129,4.335 4.3125,48 49,48 49,42.5 43.5,84.5 85.5,http://books.google.com/books?id=H15JAAAAMAAJ&pg=PA73,Jan 1863
7/19/1862,July 19,128.5 131,4.375 4.3225,48.5 49,48.5 49,43 44,86.5 87.5,http://books.google.com/books?id=H15JAAAAMAAJ&pg=PA73,Jan 1863
7/27/1862,July 27,126 129,4.45 4.35,47.5 48.5,48 48.5,41.5 42.5,85.5 86.5,http://books.google.com/books?id=H15JAAAAMAAJ&pg=PA73,Jan 1863
8/2/1862,August 2,125 127,4.52 4.55,47.75 48.25,47.75 48.25,41.75 42,82 83,http://books.google.com/books?id=H15JAAAAMAAJ&pg=PA73,Jan 1863
8/9/1862,August 9,124 126,4.55 4.475,47 47.5,47.25 47.5,41 42,82 82.5,http://books.google.com/books?id=H15JAAAAMAAJ&pg=PA73,Jan 1863
8/16/1862,August 16,126.5 127.5,4.45 4.40,47.5 47.75,47.5 48,42 42.5,83 83.5,http://books.google.com/books?id=H15JAAAAMAAJ&pg=PA73,Jan 1863
8/23/1862,August 23,126.75 128,4.45 4.40,47.5 47.75,47.5 48,41.875 41.5,82.5 83.5,http://books.google.com/books?id=H15JAAAAMAAJ&pg=PA73,Jan 1863
8/30/1862,August 30,126.75 127.75,4.45 4.40,47.5 47.75,47.5 48,42 42.5,83.5 84,http://books.google.com/books?id=H15JAAAAMAAJ&pg=PA73,Jan 1863
9/6/1862,September 6,128.75 130,4.3625 4.3225,48.5 49,48.75 49.25,42.25 43,85 85.5 ,http://books.google.com/books?id=H15JAAAAMAAJ&pg=PA73,Jan 1863
9/13/1862,September 13,126.5 131,4.3625 4.30,48.75 49.25,49 49.5,42.25 43.125,85.75 86.25,http://books.google.com/books?id=H15JAAAAMAAJ&pg=PA73,Jan 1863
9/20/1862,September 20,128.25 129.5,4.42 4.35,48.25 48.75,48.25 48.75,42.25 42.75,85 85.25,http://books.google.com/books?id=H15JAAAAMAAJ&pg=PA73,Jan 1863
9/27/1862,September 27,128.5 129.5,4.40 4.32,48.5 49,48.75 49,42.5 43,85.25 86,http://books.google.com/books?id=H15JAAAAMAAJ&pg=PA73,Jan 1863
10/4/1862,October 4,134.5 135.5,4.20 4.15,50.25 51.75,50.5 51,44.25 45,88 89,http://books.google.com/books?id=H15JAAAAMAAJ&pg=PA73,Jan 1863
10/11/1862,October 11,137.5 142.5,4.12 4.00,51.75 53,52.5 53.5,46 47,92 94,http://books.google.com/books?id=H15JAAAAMAAJ&pg=PA73,Jan 1863
10/18/1862,October 18,148 152,4.9 3.9,53 52,52 53,46 47,91 93,http://books.google.com/books?id=H15JAAAAMAAJ&pg=PA73,Jan 1863
10/25/1862,October 25,143 145.5,3.9 3.85,54.25 55,54.5 55,48 47.5,95.5 96.5,http://books.google.com/books?id=H15JAAAAMAAJ&pg=PA73,Jan 1863
11/1/1862,November 1,143.5 145.75,3.95 3.865,54.5 55,54.75 55.5,47.5 48.5,97 97.75,http://books.google.com/books?id=H15JAAAAMAAJ&pg=PA73,Jan 1863
11/8/1862,November 8,145.5 147,3.8725 3.825,55.25 56.75,55.5 56,48.25 48.5,97 97.75,http://books.google.com/books?id=H15JAAAAMAAJ&pg=PA73,Jan 1863
11/15/1862,November 15,145.5 145.75,3.875 3.825,55.25 55.75,55.5 56,48 48.75,97 97.75,http://books.google.com/books?id=H15JAAAAMAAJ&pg=PA73,Jan 1863
11/23/1862,November 23,143.5 144.75,3.975 3.9,54.5 55,54.5 55.25,47.75 48.25,96.5 96.75,http://books.google.com/books?id=H15JAAAAMAAJ&pg=PA73,Jan 1863
11/30/1862,November 30,141 142,4 3.92,53.5 54,54 54.5,47 48,95 96,http://books.google.com/books?id=H15JAAAAMAAJ&pg=PA73,Jan 1863
12/6/1862,December 6,144.5 147,3.9 3.82,54.75 55.75,55.25 56,48.25 48.75,96 97,http://books.google.com/books?id=H15JAAAAMAAJ&pg=PA73,Jan 1863
12/13/1862,December 13,144.5 146,3.925 3.80,54.75 55.25,55 55.5,48.5 49,96.5 96,http://books.google.com/books?id=H15JAAAAMAAJ&pg=PA73,Jan 1863
12/20/1862,December 20,144.5 146,3.90 3.85,54.25 54.5,54.75 55.5,48.5 49,96.25 97.25,http://books.google.com/books?id=H15JAAAAMAAJ&pg=PA73,Jan 1863
12/27/1862,December 27,146.5 147.5,3.875 3.8,55.5 56.5,55.75 56.5,48.75 49.5,97 98,http://books.google.com/books?id=H15JAAAAMAAJ&pg=PA73,Jan 1863
1/3/1863,January 3,146 147.5,3.85 3.8,56 56.25,56 56.5,49.125 49.5,98 98.5,http://books.google.com/books?id=v15JAAAAMAAJ&pg=PA31,Jan 1864
1/10/1863,January 10,149 152,3.725 3.675,56 58,57.5 58.5,50.5 51.25,99 100,http://books.google.com/books?id=v15JAAAAMAAJ&pg=PA31,Jan 1864
1/17/1863,January 17,160 162,3.525 3.45,60.5 61.5,61 62.5,54 55.5,108 110,http://books.google.com/books?id=v15JAAAAMAAJ&pg=PA31,Jan 1864
1/24/1863,January 24,162.5 163,3.5 3.45,61 61.5,61.5 62,54 54.75,107 108.5,http://books.google.com/books?id=v15JAAAAMAAJ&pg=PA31,Jan 1864
1/31/1863,January 31,171 177,3.32 3.15,65.5 66.5,65 67,57 58.75,114 117,http://books.google.com/books?id=v15JAAAAMAAJ&pg=PA31,Jan 1864
2/7/1863,February 7,169 173,3.3 3.25,65 65.5,65 65.5,57 57.75,114 116,http://books.google.com/books?id=v15JAAAAMAAJ&pg=PA31,Jan 1864
2/14/1863,February 14,170 171,3.32 3.27,65 65.5,65 65.5,56.75 57.5,113.5 114.5,http://books.google.com/books?id=v15JAAAAMAAJ&pg=PA31,Jan 1864
2/21/1863,February 21,171 179.5,2.2 3.12,67 68.5,68 68.5,59 60.5,118.5 119.5,http://books.google.com/books?id=v15JAAAAMAAJ&pg=PA31,Jan 1864
2/28/1863,February 28,185 188,3.1 3.0,67.5 71,70 71,61.75 62.25,123 124,http://books.google.com/books?id=v15JAAAAMAAJ&pg=PA31,Jan 1864
3/7/1863,March 7,167 169,3.375 3.3,64 64,65 66,55 55.5,111 113,http://books.google.com/books?id=v15JAAAAMAAJ&pg=PA31,Jan 1864
3/14/1863,March 14,168 171,3.35 3.3,64 64,64.5 65.5,55.75 56.75,112 114,http://books.google.com/books?id=v15JAAAAMAAJ&pg=PA31,Jan 1864
3/21/1863,March 21,169.5 171.75,3.375 3.275,63.5 63.5,63.5 64.5,56 57,113 114,http://books.google.com/books?id=v15JAAAAMAAJ&pg=PA31,Jan 1864
3/28/1863,March 28,157 161,3.57 3.47,61 62,61 62,53 54,107 108,http://books.google.com/books?id=v15JAAAAMAAJ&pg=PA31,Jan 1864
4/4/1863,April 4,168 172,3.4 3.25,62.5 63.5,62.5 64,55.5 57,111 111,http://books.google.com/books?id=v15JAAAAMAAJ&pg=PA31,Jan 1864
4/11/1863,April 11,158 162,3.55 3.45,61 62,61 62,53.5 54.5,106 108,http://books.google.com/books?id=v15JAAAAMAAJ&pg=PA31,Jan 1864
4/18/1863,April 18,165 167.5,3.375 3.45,62.25 62.75,62.5 63,54.5 55.5,108 110,http://books.google.com/books?id=v15JAAAAMAAJ&pg=PA31,Jan 1864
4/25/1863,April 25,163 165,3.475 3.5,61 61.5,61.5 62,53.75 54.75,107 108,http://books.google.com/books?id=v15JAAAAMAAJ&pg=PA31,Jan 1864
5/2/1863,May 2,163 165,3.475 3.42,61.5 62.5,61.5 62.5,53.5 54.5,107 108,http://books.google.com/books?id=v15JAAAAMAAJ&pg=PA31,Jan 1864
5/9/1863,May 9,168 170,3.425 3.32,62.5 63,62.5 63.25,55.5 56.5,110 112,http://books.google.com/books?id=v15JAAAAMAAJ&pg=PA31,Jan 1864
5/16/1863,May 16,162.5 164,3.5 3.45,61.5 62,61.75 62.5,54 55,107 109,http://books.google.com/books?id=v15JAAAAMAAJ&pg=PA31,Jan 1864
5/23/1863,May 23,161 163,3.52 3.45,61 61.5,61.5 62,54 54.5,107 108,http://books.google.com/books?id=v15JAAAAMAAJ&pg=PA31,Jan 1864
5/30/1863,May 30,156.5 158,3.625 3.55,59.75 60.5,60 60.5,52.25 53 ,104.5 106,http://books.google.com/books?id=v15JAAAAMAAJ&pg=PA31,Jan 1864
6/6/1863,June 6,158.5 160,3.575 3.525,59.75 61.25,60 60.5,52.625 53.5,105 106,http://books.google.com/books?id=v15JAAAAMAAJ&pg=PA31,Jan 1864
6/13/1863,June 13,156 161,3.55 3.475,59.5 61,60 61.5,52.5 54,104 107,http://books.google.com/books?id=v15JAAAAMAAJ&pg=PA31,Jan 1864
6/20/1863,June 20,155 157,3.62 3.575,68.25 59,58.5 59.5,51 52 ,103 104,http://books.google.com/books?id=v15JAAAAMAAJ&pg=PA31,Jan 1864
6/27/1863,June 27,159 160.5,3.55 3.5,59.75 60.5,60 60.625,52.5 52.75 ,106.5 107,http://books.google.com/books?id=v15JAAAAMAAJ&pg=PA31,Jan 1864
7/11/1863,July 11,143 146,3.95 3.85,54 54.25,54 55.5,47.25 58.5,94 96,http://books.google.com/books?id=v15JAAAAMAAJ&pg=PA31,Jan 1864
7/18/1863,July 18,138 139,4.07 4.02,51.5 52,50 52.5,46.25 46.75,92 93,http://books.google.com/books?id=v15JAAAAMAAJ&pg=PA31,Jan 1864
7/25/1863,July 25,138 139,4.1 4.05,51.75 52.25,51.75 52.5,45.5 46.5,91 92,http://books.google.com/books?id=v15JAAAAMAAJ&pg=PA31,Jan 1864
8/1/1863,August 1,140 141.75,4.0625 4,52.5 52.5,52.5 53.25,46.5 47.25,92.5 93.25,http://books.google.com/books?id=v15JAAAAMAAJ&pg=PA31,Jan 1864
8/8/1863,August 8,139.5 140.5,4.06 4,51.5 52,52.25 52.75,46.25 47,92 92.75,http://books.google.com/books?id=v15JAAAAMAAJ&pg=PA31,Jan 1864
8/15/1863,August 15,137.5 138.5,4.125 4.0875,51.75 52.25,52 52.25,45.25 46,91.5 92,http://books.google.com/books?id=v15JAAAAMAAJ&pg=PA31,Jan 1864
8/22/1863,August 22,137.5 138.25,4.125 4.0875,51 51.5,51.25 51.75,45.875 45.5,90.5 91.5,http://books.google.com/books?id=v15JAAAAMAAJ&pg=PA31,Jan 1864
8/29/1863,August 29,135.5 136.75,4.1 4.15,52.5 56.25,52.25 52.5,45 45.5,90 91,http://books.google.com/books?id=v15JAAAAMAAJ&pg=PA31,Jan 1864
9/5/1863,September 5,141 147,4 3.9,53 53.5,53.5 54,46.5 48,95.125 96.5,http://books.google.com/books?id=v15JAAAAMAAJ&pg=PA31,Jan 1864
9/12/1863,September 12,142 144.5,3.925 4,54.5 55,54.5 55.25,47 48,93.5 94.5,http://books.google.com/books?id=v15JAAAAMAAJ&pg=PA31,Jan 1864
9/19/1863,September 19,146 147.5,3.875 3.83,56.5 56.75,56.75 57,48 48.5,95.75 97,http://books.google.com/books?id=v15JAAAAMAAJ&pg=PA31,Jan 1864
9/26/1863,September 26,151 152.5,3.775 3.7125,58 59,58.25 59.25,49.5 50,99 100,http://books.google.com/books?id=v15JAAAAMAAJ&pg=PA31,Jan 1864
10/3/1863,October 3,154.5 157.5,3.65 3.57,60.25 61,60.5 61.25,51.5 52.5,103 104,http://books.google.com/books?id=v15JAAAAMAAJ&pg=PA31,Jan 1864
10/10/1863,October 10,160.5 162,3.55 3.485,63.5 64,64 64.5,43 53.5,106.5 107.5,http://books.google.com/books?id=v15JAAAAMAAJ&pg=PA31,Jan 1864
10/17/1863,October 17,168.5 172,3.3375 3.275,59.75 60.5,60 60.5,56 56.5,111.5 113,http://books.google.com/books?id=v15JAAAAMAAJ&pg=PA31,Jan 1864
10/24/1863,October 24,158 159,3.5625 3.5125,59 60,60 60.25,53 53.75,105 106,http://books.google.com/books?id=v15JAAAAMAAJ&pg=PA31,Jan 1864
10/31/1863,October 31,158.5 159.75,3.69 3.525,59 60,61.5 62,52.5 53.5,105.5 106.5,http://books.google.com/books?id=v15JAAAAMAAJ&pg=PA31,Jan 1864
11/7/1863,November 7,161 163,3.5125 3.4625,61 61.5,61.5 62,53 54,106 108,http://books.google.com/books?id=v15JAAAAMAAJ&pg=PA31,Jan 1864
11/14/1863,November 14,161 162,3.5225 3.475,60.75 61.25,61 61.5 ,53 53.75,106.5 106.5,http://books.google.com/books?id=v15JAAAAMAAJ&pg=PA31,Jan 1864
11/21/1863,November 21,168 169.5,3.3625 3.325,62 63,63 63.5,55 56,110 111.5,http://books.google.com/books?id=v15JAAAAMAAJ&pg=PA31,Jan 1864
11/28/1863,November 28,157 158,3.6225 3.5625,59 60.5,59.75 60.5,51.5 52.5,105 106.25,http://books.google.com/books?id=v15JAAAAMAAJ&pg=PA31,Jan 1864
12/5/1863,December 5,160 161.5,3.5 3.46,60.5 61,61 61.5,53.5 54,107 108,http://books.google.com/books?id=v15JAAAAMAAJ&pg=PA31,Jan 1864
12/12/1863,December 12,164 165,3.45 3.31,61.75 62,62 62.5,55 55.5,109 109.75,http://books.google.com/books?id=v15JAAAAMAAJ&pg=PA31,Jan 1864
12/19/1863,December 19,164 166,3.45 3.4,62.25 62,62.5 63,55.25 55.75,109 110.5,http://books.google.com/books?id=v15JAAAAMAAJ&pg=PA31,Jan 1864
12/26/1863,December 26,165.5 166.25,3.4325 3.4,62.25 62.75,62.5 63,55.25 55.75,110 111,http://books.google.com/books?id=v15JAAAAMAAJ&pg=PA31,Jan 1864
1/2/1864,January 2,166 166.5,3.3875 3.345,62.5 62,62.75 63.25,55.5 56,110.5 111,http://books.google.com/books?id=Wl9JAAAAMAAJ&pg=PA65,Jan 1865
1/9/1864,January 9,166.5 167.75,3.385 3.4,62.75 63,62.75 63.25,55.75 56.25,110.5 111,http://books.google.com/books?id=Wl9JAAAAMAAJ&pg=PA65,Jan 1865
1/16/1864,January 16,169.5 170.75,3.3 3.325,64 64.5,64.5 64.75,56.5 57.25,112.75 113.75,http://books.google.com/books?id=Wl9JAAAAMAAJ&pg=PA65,Jan 1865
1/23/1864,January 23,170 171,3.31 3.33,64.5 64.5,64.5 65,56.75 57,112.75 113.75,http://books.google.com/books?id=Wl9JAAAAMAAJ&pg=PA65,Jan 1865
1/30/1864,January 30,171 172,3.325 3.285,64.25 64.75,64.5 65,57.25 57.5,113.5 114,http://books.google.com/books?id=Wl9JAAAAMAAJ&pg=PA65,Jan 1865
2/6/1864,February 6,174 175,3.2625 3.2375,65.25 66.75,65.5 66,58 58.5,115 116,http://books.google.com/books?id=Wl9JAAAAMAAJ&pg=PA65,Jan 1865
2/13/1864,February 13,173 174.5,3.275 3.235,65 65.5,65.25 65.5,58.25 58.5,115 116,http://books.google.com/books?id=Wl9JAAAAMAAJ&pg=PA65,Jan 1865
2/20/1864,February 20,172.5 174,3.275 3.2375,65.5 65.75,65.5 65.75,58.25 58.5,115.5 116,http://books.google.com/books?id=Wl9JAAAAMAAJ&pg=PA65,Jan 1865
2/27/1864,February 27,173.5 174,2.265 3.22,65.5 65.75,65.75 66,58.75 58.75,115.75 116.5,http://books.google.com/books?id=Wl9JAAAAMAAJ&pg=PA65,Jan 1865
3/5/1864,March 5,174.5 175.75,3.25 3.215,65.75 66.25,66 66.5,58.5 59,116 117,http://books.google.com/books?id=Wl9JAAAAMAAJ&pg=PA65,Jan 1865
3/12/1864,March 12,177 178,3.15 3.1875,66 66.25,67 67.5,59 59.5,117.25 118,http://books.google.com/books?id=Wl9JAAAAMAAJ&pg=PA65,Jan 1865
3/19/1864,March 19,176 177,3.225 3.1875,65.5 66.25,66 66.5,58.5 59,116 117,http://books.google.com/books?id=Wl9JAAAAMAAJ&pg=PA65,Jan 1865
3/26/1864,March 26,179.5 182,3.15 3.1,67.75 68.25,68 68.75 ,60.5 61,120 121,http://books.google.com/books?id=Wl9JAAAAMAAJ&pg=PA65,Jan 1865
4/2/1864,April 2,177.5 181,3.1875 3.125,66.75 67, 67 67.75,59.5 60.5,118 120,http://books.google.com/books?id=Wl9JAAAAMAAJ&pg=PA65,Jan 1865
4/9/1864,April 9,184 185,3.08 3.065,68.5 69, 68.75 69.25,61.5 62,121.5 122,http://books.google.com/books?id=Wl9JAAAAMAAJ&pg=PA65,Jan 1865
4/16/1864,April 16,189 191,2.975 2.95,70 71,70.5 71.5,62.5 64.5,127 128,http://books.google.com/books?id=Wl9JAAAAMAAJ&pg=PA65,Jan 1865
4/23/1864,April 23,190 192,3.055 2.95,71.25 71.75,71.5 71,62.75 63.25,124 125,http://books.google.com/books?id=Wl9JAAAAMAAJ&pg=PA65,Jan 1865
4/30/1864,April 30,195 198,2.9 2.85,73 74,73.25 74.25,65 66,130 131,http://books.google.com/books?id=Wl9JAAAAMAAJ&pg=PA65,Jan 1865
5/7/1864,May 7,192 195,2.965 2.9,72 73,72.5 73.25,63.25 64.5,126 127,http://books.google.com/books?id=Wl9JAAAAMAAJ&pg=PA65,Jan 1865
5/14/1864,May 14,192 197,2.95 3.02,71.25 70.75,71.5 71,62.5 63,124 125,http://books.google.com/books?id=Wl9JAAAAMAAJ&pg=PA65,Jan 1865
5/21/1864,May 21,196 198,2.875 2.8325,74 75.5,73.5 75,65 66,130 131,http://books.google.com/books?id=Wl9JAAAAMAAJ&pg=PA65,Jan 1865
5/28/1864,May 28,201 203.5,2.8125 2.775,75.5 76.75,75.5 76.5,67 67.5,134 135,http://books.google.com/books?id=Wl9JAAAAMAAJ&pg=PA65,Jan 1865
6/4/1864,June 4,218 220,2.7225 2.685,78 79,77.5 74.25,68.25 69,135 136,http://books.google.com/books?id=Wl9JAAAAMAAJ&pg=PA66,Jan 1865
6/11/1864,June 11,215 218,2.65 2.6,79 79.5,78 79,71.5 72,143 144,http://books.google.com/books?id=Wl9JAAAAMAAJ&pg=PA66,Jan 1865
6/18/1864,June 18,216 219,2.64 2.88,79.5 80.5,80 80.5,72 73,145 145,http://books.google.com/books?id=Wl9JAAAAMAAJ&pg=PA66,Jan 1865
6/25/1864,June 25,235 238,2.375 2.415,86 87,NA NA,76 77,154 155,http://books.google.com/books?id=Wl9JAAAAMAAJ&pg=PA66,Jan 1865
7/2/1864,July 2,270 295,2.15 1.925,93 94,NA NA,85 95,185 195,http://books.google.com/books?id=Wl9JAAAAMAAJ&pg=PA66,Jan 1865
7/9/1864,July 9,292 298,1.95 1.875,NA NA,200 215,96 98,184 188,http://books.google.com/books?id=Wl9JAAAAMAAJ&pg=PA66,Jan 1865
7/16/1864,July 16,268 260,NA NA,NA NA,NA NA,NA NA,NA NA,http://books.google.com/books?id=Wl9JAAAAMAAJ&pg=PA66,Jan 1865
7/23/1864,July 23,273 282,2.1 2.0125,NA NA,101 103,90 93,182 184,http://books.google.com/books?id=Wl9JAAAAMAAJ&pg=PA66,Jan 1865
7/30/1864,July 30,270 274.5,2.15 2.075,NA NA,98 100,88.5 90.5,178 180,http://books.google.com/books?id=Wl9JAAAAMAAJ&pg=PA66,Jan 1865
8/6/1864,August 6,279 283,2.0025 2,NA NA,103 105,91 93,184 185,http://books.google.com/books?id=Wl9JAAAAMAAJ&pg=PA66,Jan 1865
8/13/1864,August 13,274 277,2.05 2.075,NA NA,NA NA,91.5 92.5,183 185.5,http://books.google.com/books?id=Wl9JAAAAMAAJ&pg=PA66,Jan 1865
8/20/1864,August 20,278 279.25,2.065 2.025,100 102.5,101 103,91.75 92.5,183 184,http://books.google.com/books?id=Wl9JAAAAMAAJ&pg=PA66,Jan 1865
8/27/1864,August 27,275 276,2.085 2.05,NA NA,NA NA,90 90.75,178 180,http://books.google.com/books?id=Wl9JAAAAMAAJ&pg=PA66,Jan 1865
9/3/1864,September 3,260 275,2.15 2.05,NA NA,NA NA,85 90.5,170 180,http://books.google.com/books?id=Wl9JAAAAMAAJ&pg=PA66,Jan 1865
9/10/1864,September 10,253 256,2.25 2.2,93 94,NA NA,83 84,166 167,http://books.google.com/books?id=Wl9JAAAAMAAJ&pg=PA66,Jan 1865
9/17/1864,September 17,245 248.5,2.3125 2.275,NA NA,NA NA,80.5 81.5,NA NA,http://books.google.com/books?id=Wl9JAAAAMAAJ&pg=PA66,Jan 1865
9/24/1864,September 24,230 240,1.475 2.35,NA NA,83 90,76 80,NA NA,http://books.google.com/books?id=Wl9JAAAAMAAJ&pg=PA66,Jan 1865
10/1/1864,October 1,208 210,2.75 2.6875,NA NA,NA NA,67.5 68.5,NA NA,http://books.google.com/books?id=Wl9JAAAAMAAJ&pg=PA66,Jan 1865
10/8/1864,October 8,210 218,2.7 2.6,NA NA,NA NA,70 72,NA NA,http://books.google.com/books?id=Wl9JAAAAMAAJ&pg=PA66,Jan 1865
10/15/1864,October 15,218 230,2.55 2.45,69 71,NA NA,72 75,138 142,http://books.google.com/books?id=Wl9JAAAAMAAJ&pg=PA66,Jan 1865
10/22/1864,October 22,108.75 109.5,5.1625 5.2,40.625 41,NA NA,35.5 36,71 72,http://books.google.com/books?id=Wl9JAAAAMAAJ&pg=PA66,Jan 1865
10/29/1864,October 29,108.75 109,5.1875 5.22,NA NA,NA NA,35.75 36.5,71.5 72,http://books.google.com/books?id=Wl9JAAAAMAAJ&pg=PA66,Jan 1865
11/5/1864,November 5,109.25 109.75,5.175 5.25,40 41,40.25 41,35.75 36.75,70.75 72,http://books.google.com/books?id=Wl9JAAAAMAAJ&pg=PA66,Jan 1865
11/12/1864,November 12,109.25 109.75,5.1625 5.25,40 41,40.25 41.25,35.5 36.5,70 72.5,http://books.google.com/books?id=Wl9JAAAAMAAJ&pg=PA66,Jan 1865
11/19/1864,November 19,109.5 109.75,5.25 5.16,40.5 41.5,41 41.5,35.5 36,72 72.5,http://books.google.com/books?id=Wl9JAAAAMAAJ&pg=PA66,Jan 1865
11/26/1864,November 26,109.5 109.75,5.15 5.175,NA NA,NA NA,35.5 36.5,71.75 72.5,http://books.google.com/books?id=Wl9JAAAAMAAJ&pg=PA66,Jan 1865
12/3/1864,December 3,109.25 109.75,5.15 5.175,NA NA,40.25 41.25,36.25 36.5,72 72.5,http://books.google.com/books?id=Wl9JAAAAMAAJ&pg=PA66,Jan 1865
12/12/1864,December 12,109.375 109.625,5.15 5.175,NA NA,NA NA,36.5 36.625,72 72.5,http://books.google.com/books?id=Wl9JAAAAMAAJ&pg=PA66,Jan 1865
12/19/1864,December 19,109.5 109.625,5.1625 5.175,NA NA,NA NA,36.25 36.625,72 72.5,http://books.google.com/books?id=Wl9JAAAAMAAJ&pg=PA66,Jan 1865
12/26/1864,December 26,109.25 109.75,5.1625 5.15,NA NA,NA NA,36.375 36.625,NA NA,http://books.google.com/books?id=Wl9JAAAAMAAJ&pg=PA66,Jan 1865
1/7/1865,January 7,108.25 109.75,5.1875 5.15,41.25 41.75,41.25 41.5,36.375 36.875,72 72.75,http://books.google.com/books?id=c19JAAAAMAAJ&pg=PA47,Jul 1865
1/14/1865,January 14,108.5 109.375,5.1875 5.1375,41.25 41.625,41 41.5,36.5 46.75,72.25 72.75,http://books.google.com/books?id=c19JAAAAMAAJ&pg=PA47,Jul 1865
1/21/1865,January 21,108.5 109.75,5.1875 5.1375,41.25 41.75,41.25 41.5,36.375 36.75,73 72.75,http://books.google.com/books?id=c19JAAAAMAAJ&pg=PA47,Jul 1865
1/28/1865,January 28,108.5 109.75,5.2 5.1375,41 41.625,41 41.5,36.375 36.75,73 72.75,http://books.google.com/books?id=c19JAAAAMAAJ&pg=PA47,Jul 1865
2/4/1865,February 4,108 109.625,5.2125 5.15,41 41.625,41 41.375,36 36.625,72 72.5,http://books.google.com/books?id=c19JAAAAMAAJ&pg=PA47,Jul 1865
2/11/1865,February 11,108.5 109,5.2375 5.15,40.75 41.5,40.75 41.25,35.75 36.5,71.75 72,http://books.google.com/books?id=c19JAAAAMAAJ&pg=PA47,Jul 1865
2/18/1865,February 18,107 108.75,5.275 5.2,40.5 41.375,40.25 41,35.75 36.375,71.75 72.25,http://books.google.com/books?id=c19JAAAAMAAJ&pg=PA47,Jul 1865
2/25/1865,February 25,108 108.5,5.275 5.1875,40.5 40.25,40.5 41,35.75 36.375,71.25 72,http://books.google.com/books?id=c19JAAAAMAAJ&pg=PA47,Jul 1865
3/4/1865,March 4,108 108.5,5.275 5.2125,40.625 NA,40.375 40.875,36.75 36.25,71.5 72,http://books.google.com/books?id=c19JAAAAMAAJ&pg=PA47,Jul 1865
3/11/1865,March 11,107.75 108.25,5.275 5.225,41.25 NA,40.25 40.75,36 36.625,71.25 71.75,http://books.google.com/books?id=c19JAAAAMAAJ&pg=PA47,Jul 1865
3/18/1865,March 18,109.5 109.75,5.215 5.1375,41 41.625,41 41.375,36 36.5,70.75 71.25,http://books.google.com/books?id=c19JAAAAMAAJ&pg=PA47,Jul 1865
3/25/1865,March 25,109 109.5,5.2 5.15,41 41.625,40.75 41.25,36 36.5,71.25 72,http://books.google.com/books?id=c19JAAAAMAAJ&pg=PA47,Jul 1865
4/1/1865,April 1,109.5 109.625,5.2 5.15,40.75 41.25,40.75 41,35.75 36.375,71.5 72,http://books.google.com/books?id=c19JAAAAMAAJ&pg=PA47,Jul 1865
4/8/1865,April 8,108.375 109.5,5.225 5.15,40.75 41.25,40.5 41.875,36.125 36.625,72.25 71.75,http://books.google.com/books?id=c19JAAAAMAAJ&pg=PA47,Jul 1865
4/15/1865,April 15,108.875 109.25,5.225 5.1675,40.75 41.25,40.625 41,36 36.75,72 71.75,http://books.google.com/books?id=c19JAAAAMAAJ&pg=PA47,Jul 1865
4/22/1865,April 22,109.25 109.75,5.2 5.125,41 41.5,40.875 41.25,36.125 36.625,71.5 72.25,http://books.google.com/books?id=c19JAAAAMAAJ&pg=PA47,Jul 1865
4/29/1865,April 29,109 109.5,5.2 5.125,41 41.5,40.5 41.25,36 36.75,71.5 72,http://books.google.com/books?id=c19JAAAAMAAJ&pg=PA47,Jul 1865
5/5/1865,May 5,108.5 109.625,5.1875 5.1375,41.125 41.375,41 41.375,36.125 36.625,71.75 72.5,http://books.google.com/books?id=c19JAAAAMAAJ&pg=PA47,Jul 1865
5/12/1865,May 12,108.5 109.625,5.1625 5.125,41.125 41.75,41.125 41.5,36.375 36.875,72.25 72.75,http://books.google.com/books?id=c19JAAAAMAAJ&pg=PA47,Jul 1865
5/19/1865,May 19,108.5 109.5,5.175 5.125,41.125 41.625,41 41.375,36.25 36.75,72 72.75,http://books.google.com/books?id=c19JAAAAMAAJ&pg=PA47,Jul 1865
5/26/1865,May 26,108.75 109.75,5.165 5.125,41.25 41.625,41.125 41.5,36.375 36.875,72.25 72.75,http://books.google.com/books?id=c19JAAAAMAAJ&pg=PA47,Jul 1865
6/2/1865,June 2,109 109.875,5.175 5.125,41.25 41.75,41.125 41.5,36.375 36.875,72.25 73.75,http://books.google.com/books?id=c19JAAAAMAAJ&pg=PA47,Jul 1865
6/9/1865,June 9,109.5 110,5.15 5.1125,41.25 41.75,41.125 41.5,36.5 36.75,72.25 72.75,http://books.google.com/books?id=c19JAAAAMAAJ&pg=PA47,Jul 1865
6/16/1865,June 16,109 109.75,5.175 5.1125,41.25 41.625,41.125 41.75,36.625 36.75,72 72.5,http://books.google.com/books?id=c19JAAAAMAAJ&pg=PA47,Jul 1865
6/23/1865,June 23,108.75 109.5,5.1875 5.125,40.75 41.375,41 41.375,36.125 36.5,71.75 72.25,http://books.google.com/books?id=c19JAAAAMAAJ&pg=PA47,Jul 1865
6/30/1865,June 30,108 109,5.2 5.135,40.5 41.25,40.375 41.25,35.875 36.25,71.5 72.25,http://books.google.com/books?id=c19JAAAAMAAJ&pg=PA47,Jul 1865
7/7/1865,July 7,108 108.75,5.225 5.1625,40.5 41,40.5 40.875,35.75 36.125,71 71.5,http://books.google.com/books?id=c19JAAAAMAAJ&pg=PA47,Jul 1865
7/14/1865,July 14,109 109.25,4.18125 NA,40.5 40.625,40.25 40.625,35.5 36,71 71.25,http://books.google.com/books?id=c19JAAAAMAAJ&pg=PA139,Aug 1865
7/21/1865,July 21,108.75 109,5.1875 NA,40.25 40.625,40.25 40.625,35.375 35.875,70.75 71.5,http://books.google.com/books?id=c19JAAAAMAAJ&pg=PA139,Aug 1865
7/28/1865,July 28,108.625 109,5.1875 5.175,40.25 40.625,40.25 40.625,35.375 37,70.75 71.75,http://books.google.com/books?id=c19JAAAAMAAJ&pg=PA139,Aug 1865
8/5/1865,August 5,108.25 108.5,5.225 5.2125,40 40.375,40 40.625,35.25 35.75,70.5 71,http://books.google.com/books?id=c19JAAAAMAAJ&pg=PA229,Sept 1865
8/12/1865,August 12,108.875 109.25,5.175 5.1625,40.25 40.125,40.25 40.5,35.5 35.875,70.5 71,http://books.google.com/books?id=c19JAAAAMAAJ&pg=PA229,Sept 1865
8/19/1865,August 19,109.75 109.875,5.15 5.1375,40.375 40.875,40.25 40.75,35.75 36.25,71 71.625,http://books.google.com/books?id=c19JAAAAMAAJ&pg=PA229,Sept 1865
8/26/1865,August 26,109.5 109.625,5.1625 5.15,40.5 41,40.5 40.875,35.75 36.25,71 71.625,http://books.google.com/books?id=c19JAAAAMAAJ&pg=PA229,Sept 1865
9/2/1865,September 2,109.25 109.625,5.175 5.1625,40.5 40.75,40.375 40.75,35.75 36.25,71 71.5,http://books.google.com/books?id=c19JAAAAMAAJ&pg=PA377,Nov 1865
9/9/1865,September 9,109.375 109.625,5.175 5.1625,40.625 40.875,40.375 40.75,35.75 36.125,70.75 71.625,http://books.google.com/books?id=c19JAAAAMAAJ&pg=PA377,Nov 1865
9/16/1865,September 16,109.25 109.5,5.1725 5.1625,40.625 40.875,40.375 40.75,35.75 36.125,70.75 71.625,http://books.google.com/books?id=c19JAAAAMAAJ&pg=PA377,Nov 1865
9/23/1865,September 23,109.875 110,5.15 5.1375,40.625 41,40.625 40.875,35.375 36.25,71.25 71.625,http://books.google.com/books?id=c19JAAAAMAAJ&pg=PA377,Nov 1865
9/30/1865,September 30,109.5 110,5.1875 5.15,40.75 41.25,40.75 41,35.875 36.25,71.75 71.75,http://books.google.com/books?id=c19JAAAAMAAJ&pg=PA377,Nov 1865
10/7/1865,October 7,109.75 110,5.1625 5.15,40.625 41,40.375 41,35.875 36.5,71.25 71.875,http://books.google.com/books?id=c19JAAAAMAAJ&pg=PA377,Nov 1865
10/14/1865,October 14,108.375 109.25,5.1875 5.175,40.75 41,40.75 40.25,35.875 36.25,70.75 71.375,http://books.google.com/books?id=c19JAAAAMAAJ&pg=PA377,Nov 1865
10/21/1865,October 21,109.25 109.5,5.1825 5.175,40.5 40.875,40.5 40.75,35.875 36.25,70.75 71.5,http://books.google.com/books?id=c19JAAAAMAAJ&pg=PA377,Nov 1865
10/28/1865,October 28,108.375 109,5.2125 5.175,40.75 40.5,40.5 40.75,35.75 36.125,70.75 71.5,http://books.google.com/books?id=c19JAAAAMAAJ&pg=PA377,Nov 1865
11/4/1865,November 4,107.5 108.25,5.225 5.1875,40.375 40.75,40.375 40.625,35.875 36.125,70.75 71.25,http://books.google.com/books?id=c19JAAAAMAAJ&pg=PA463,Dec 1865
11/11/1865,November 11,107 107.75,5.25 5.20,40.375 40.625,40.25 40.625,35.75 36.125,70.5 71.125,http://books.google.com/books?id=c19JAAAAMAAJ&pg=PA463,Dec 1865
11/18/1865,November 18,108.25 108.5,5.225 5.1875,40.25 40.625,40.375 40.625,35.75 36.25,71 71.5,http://books.google.com/books?id=c19JAAAAMAAJ&pg=PA463,Dec 1865
11/25/1865,November 25,108.25 108.75,5.20 5.1625,40.375 40.75,40.375 40.875,36 36.375,71.25 71.75,http://books.google.com/books?id=c19JAAAAMAAJ&pg=PA463,Dec 1865
12/1/1865,December 1,109.75 109.125,5.175 5.16,40.625 40.875,40.75 41,36.125 36.5,71.75 72,http://books.google.com/books?id=3mhJAAAAMAAJ&pg=PA85,Jan 1866
12/8/1865,December 8,109 109.25,5.1625 5.15,40.75 40.875,40.75 41,36.25 36.5,71.5 71.75,http://books.google.com/books?id=3mhJAAAAMAAJ&pg=PA85,Jan 1866
12/15/1865,December 15,109.25 109.375,5.1575 5.1375,40.75 41,40.875 41,36.375 36.625,71.75 72.5,http://books.google.com/books?id=3mhJAAAAMAAJ&pg=PA85,Jan 1866
12/22/1865,December 22,109.25 109.375,5.1625 5.1375,40.75 41,40.875 41,36.375 36.625,71.5 72,http://books.google.com/books?id=3mhJAAAAMAAJ&pg=PA85,Jan 1866
12/29/1865,December 29,109.125 109.25,5.165 5.15,40.625 41,40.875 41,36.375 36.625,71.125 71.25,http://books.google.com/books?id=3mhJAAAAMAAJ&pg=PA85,Jan 1866
