date,strdate,url,issue,
1/1/1860,January 1,http://books.google.com/books?id=06YRAAAAYAAJ&pg=PA73&img=1&zoom=3&hl=en&sig=ACfU3U1MM6iQ-RR_wKCXb8oR4HX08GvACg&ci=79%2C845%2C795%2C51&edge=0,Jul 1860,
1/15/1860,January 15,http://books.google.com/books?id=06YRAAAAYAAJ&pg=PA73&img=1&zoom=3&hl=en&sig=ACfU3U1MM6iQ-RR_wKCXb8oR4HX08GvACg&ci=79%2C845%2C795%2C51&edge=0,Jul 1860,
2/1/1860,February 1,http://books.google.com/books?id=06YRAAAAYAAJ&pg=PA73&img=1&zoom=3&hl=en&sig=ACfU3U1MM6iQ-RR_wKCXb8oR4HX08GvACg&ci=79%2C888%2C795%2C50&edge=0,Jul 1860,
2/15/1860,February 15,http://books.google.com/books?id=06YRAAAAYAAJ&pg=PA73&img=1&zoom=3&hl=en&sig=ACfU3U1MM6iQ-RR_wKCXb8oR4HX08GvACg&ci=79%2C888%2C795%2C50&edge=0,Jul 1860,
3/1/1860,March 1,http://books.google.com/books?id=06YRAAAAYAAJ&pg=PA73&img=1&zoom=3&hl=en&sig=ACfU3U1MM6iQ-RR_wKCXb8oR4HX08GvACg&ci=72%2C925%2C806%2C53&edge=0,Jul 1860,
3/15/1860,March 15,http://books.google.com/books?id=06YRAAAAYAAJ&pg=PA73&img=1&zoom=3&hl=en&sig=ACfU3U1MM6iQ-RR_wKCXb8oR4HX08GvACg&ci=72%2C925%2C806%2C53&edge=0,Jul 1860,
4/1/1860,April 1,http://books.google.com/books?id=06YRAAAAYAAJ&pg=PA73&img=1&zoom=3&hl=en&sig=ACfU3U1MM6iQ-RR_wKCXb8oR4HX08GvACg&ci=70%2C966%2C802%2C59&edge=0,Jul 1860,
4/15/1860,April 15,http://books.google.com/books?id=06YRAAAAYAAJ&pg=PA73&img=1&zoom=3&hl=en&sig=ACfU3U1MM6iQ-RR_wKCXb8oR4HX08GvACg&ci=70%2C966%2C802%2C59&edge=0,Jul 1860,
5/1/1860,May 1,http://books.google.com/books?id=QKcRAAAAYAAJ&pg=PA79&img=1&zoom=3&hl=en&sig=ACfU3U2_Al3gCtS_wyD23vHm6eAkSPcVbg&ci=79%2C142%2C796%2C55&edge=0,Jan 1861,
5/15/1860,May 15,http://books.google.com/books?id=QKcRAAAAYAAJ&pg=PA79&img=1&zoom=3&hl=en&sig=ACfU3U2_Al3gCtS_wyD23vHm6eAkSPcVbg&ci=79%2C142%2C796%2C55&edge=0,Jan 1861,
6/1/1860,June 1,http://books.google.com/books?id=QKcRAAAAYAAJ&pg=PA79&img=1&zoom=3&hl=en&sig=ACfU3U2_Al3gCtS_wyD23vHm6eAkSPcVbg&ci=81%2C182%2C785%2C50&edge=0,Jan 1861,
6/15/1860,June 15,http://books.google.com/books?id=QKcRAAAAYAAJ&pg=PA79&img=1&zoom=3&hl=en&sig=ACfU3U2_Al3gCtS_wyD23vHm6eAkSPcVbg&ci=81%2C182%2C785%2C50&edge=0,Jan 1861,
7/1/1860,July 1,http://books.google.com/books?id=QKcRAAAAYAAJ&pg=PA79&img=1&zoom=3&hl=en&sig=ACfU3U2_Al3gCtS_wyD23vHm6eAkSPcVbg&ci=82%2C225%2C787%2C50&edge=0,Jan 1861,
7/15/1860,July 15,http://books.google.com/books?id=QKcRAAAAYAAJ&pg=PA79&img=1&zoom=3&hl=en&sig=ACfU3U2_Al3gCtS_wyD23vHm6eAkSPcVbg&ci=82%2C225%2C787%2C50&edge=0,Jan 1861,
8/1/1860,August 1,http://books.google.com/books?id=QKcRAAAAYAAJ&pg=PA79&img=1&zoom=3&hl=en&sig=ACfU3U2_Al3gCtS_wyD23vHm6eAkSPcVbg&ci=82%2C269%2C794%2C50&edge=0,Jan 1861,
8/15/1860,August 15,http://books.google.com/books?id=QKcRAAAAYAAJ&pg=PA79&img=1&zoom=3&hl=en&sig=ACfU3U2_Al3gCtS_wyD23vHm6eAkSPcVbg&ci=82%2C269%2C794%2C50&edge=0,Jan 1861,
9/1/1860,September 1,http://books.google.com/books?id=QKcRAAAAYAAJ&pg=PA79&img=1&zoom=3&hl=en&sig=ACfU3U2_Al3gCtS_wyD23vHm6eAkSPcVbg&ci=81%2C304%2C787%2C58&edge=0,Jan 1861,
9/15/1860,September 15,http://books.google.com/books?id=QKcRAAAAYAAJ&pg=PA79&img=1&zoom=3&hl=en&sig=ACfU3U2_Al3gCtS_wyD23vHm6eAkSPcVbg&ci=81%2C304%2C787%2C58&edge=0,Jan 1861,
10/1/1860,October 1,http://books.google.com/books?id=QKcRAAAAYAAJ&pg=PA79&img=1&zoom=3&hl=en&sig=ACfU3U2_Al3gCtS_wyD23vHm6eAkSPcVbg&ci=91%2C351%2C785%2C58&edge=0,Jan 1861,
10/15/1860,October 15,http://books.google.com/books?id=QKcRAAAAYAAJ&pg=PA79&img=1&zoom=3&hl=en&sig=ACfU3U2_Al3gCtS_wyD23vHm6eAkSPcVbg&ci=91%2C351%2C785%2C58&edge=0,Jan 1861,
11/1/1860,November 1,http://books.google.com/books?id=QKcRAAAAYAAJ&pg=PA79&img=1&zoom=3&hl=en&sig=ACfU3U2_Al3gCtS_wyD23vHm6eAkSPcVbg&ci=78%2C390%2C790%2C60&edge=0,Jan 1861,
11/15/1860,November 15,http://books.google.com/books?id=QKcRAAAAYAAJ&pg=PA79&img=1&zoom=3&hl=en&sig=ACfU3U2_Al3gCtS_wyD23vHm6eAkSPcVbg&ci=78%2C390%2C790%2C60&edge=0,Jan 1861,
12/1/1860,December 1,http://books.google.com/books?id=QKcRAAAAYAAJ&pg=PA416&img=1&zoom=3&hl=en&sig=ACfU3U1rU5sXXfujpiazkRxoQeTtNCIs3A&ci=123%2C436%2C801%2C216&edge=0,Apr 1861,
12/15/1860,December 15,http://books.google.com/books?id=QKcRAAAAYAAJ&pg=PA416&img=1&zoom=3&hl=en&sig=ACfU3U1rU5sXXfujpiazkRxoQeTtNCIs3A&ci=123%2C436%2C801%2C216&edge=0,Apr 1861,
1/1/1861,January 1,http://books.google.com/books?id=QKcRAAAAYAAJ&pg=PA416&img=1&zoom=3&hl=en&sig=ACfU3U1rU5sXXfujpiazkRxoQeTtNCIs3A&ci=123%2C436%2C801%2C216&edge=0,Apr 1861,
2/1/1861,February 1,http://books.google.com/books?id=QKcRAAAAYAAJ&pg=PA416&img=1&zoom=3&hl=en&sig=ACfU3U1rU5sXXfujpiazkRxoQeTtNCIs3A&ci=123%2C436%2C801%2C216&edge=0,Apr 1861,
2/15/1861,February 15,http://books.google.com/books?id=QKcRAAAAYAAJ&pg=PA416&img=1&zoom=3&hl=en&sig=ACfU3U1rU5sXXfujpiazkRxoQeTtNCIs3A&ci=123%2C436%2C801%2C216&edge=0,Apr 1861,
3/1/1861,March 1,http://books.google.com/books?id=QKcRAAAAYAAJ&pg=PA416&img=1&zoom=3&hl=en&sig=ACfU3U1rU5sXXfujpiazkRxoQeTtNCIs3A&ci=123%2C436%2C801%2C216&edge=0,Apr 1861,
3/15/1861,March 15,http://books.google.com/books?id=QKcRAAAAYAAJ&pg=PA416&img=1&zoom=3&hl=en&sig=ACfU3U1rU5sXXfujpiazkRxoQeTtNCIs3A&ci=123%2C436%2C801%2C216&edge=0,Apr 1861,
12/1/1861,December 1,http://books.google.com/books?id=iFxJAAAAMAAJ&pg=PA407&img=1&zoom=3&hl=en&sig=ACfU3U358bc9n0EYVRUNFvlwQgdIDXdEHg&ci=108%2C926%2C806%2C217&edge=0,April 1862,
12/15/1861,December 15,http://books.google.com/books?id=iFxJAAAAMAAJ&pg=PA407&img=1&zoom=3&hl=en&sig=ACfU3U358bc9n0EYVRUNFvlwQgdIDXdEHg&ci=108%2C926%2C806%2C217&edge=0,April 1862,
1/1/1862,January 1,http://books.google.com/books?id=iFxJAAAAMAAJ&pg=PA407&img=1&zoom=3&hl=en&sig=ACfU3U358bc9n0EYVRUNFvlwQgdIDXdEHg&ci=108%2C926%2C806%2C217&edge=0,April 1862,
1/15/1862,January 15,http://books.google.com/books?id=iFxJAAAAMAAJ&pg=PA407&img=1&zoom=3&hl=en&sig=ACfU3U358bc9n0EYVRUNFvlwQgdIDXdEHg&ci=108%2C926%2C806%2C217&edge=0,April 1862,
2/1/1862,February 1,http://books.google.com/books?id=iFxJAAAAMAAJ&pg=PA407&img=1&zoom=3&hl=en&sig=ACfU3U358bc9n0EYVRUNFvlwQgdIDXdEHg&ci=108%2C926%2C806%2C217&edge=0,April 1862,
2/15/1862,February 15,http://books.google.com/books?id=iFxJAAAAMAAJ&pg=PA407&img=1&zoom=3&hl=en&sig=ACfU3U358bc9n0EYVRUNFvlwQgdIDXdEHg&ci=108%2C926%2C806%2C217&edge=0,April 1862,
3/1/1862,March 1,http://books.google.com/books?id=iFxJAAAAMAAJ&pg=PA407&img=1&zoom=3&hl=en&sig=ACfU3U358bc9n0EYVRUNFvlwQgdIDXdEHg&ci=108%2C926%2C806%2C217&edge=0,April 1862,
3/15/1862,March 15,http://books.google.com/books?id=iFxJAAAAMAAJ&pg=PA407&img=1&zoom=3&hl=en&sig=ACfU3U358bc9n0EYVRUNFvlwQgdIDXdEHg&ci=108%2C926%2C806%2C217&edge=0,April 1862,
3/22/1862,March 22,http://books.google.com/books?id=u11JAAAAMAAJ&pg=PA33&img=1&zoom=3&hl=en&sig=ACfU3U16X2vBuuy6h_4w7gpolnr4KULBtQ&ci=109%2C472%2C777%2C86&edge=0,July 1862,no headers
3/29/1862,March 29,http://books.google.com/books?id=u11JAAAAMAAJ&pg=PA33&img=1&zoom=3&hl=en&sig=ACfU3U16X2vBuuy6h_4w7gpolnr4KULBtQ&ci=109%2C472%2C777%2C86&edge=0,July 1862,
4/5/1862,April 5,http://books.google.com/books?id=u11JAAAAMAAJ&pg=PA33&img=1&zoom=3&hl=en&sig=ACfU3U16X2vBuuy6h_4w7gpolnr4KULBtQ&ci=104%2C553%2C779%2C86&edge=0,July 1862,
4/12/1862,April 12,http://books.google.com/books?id=u11JAAAAMAAJ&pg=PA33&img=1&zoom=3&hl=en&sig=ACfU3U16X2vBuuy6h_4w7gpolnr4KULBtQ&ci=104%2C553%2C779%2C86&edge=0,July 1862,
4/19/1862,April 19,http://books.google.com/books?id=u11JAAAAMAAJ&pg=PA33&img=1&zoom=3&hl=en&sig=ACfU3U16X2vBuuy6h_4w7gpolnr4KULBtQ&ci=104%2C553%2C779%2C86&edge=0,July 1862,
4/26/1862,April 26,http://books.google.com/books?id=u11JAAAAMAAJ&pg=PA33&img=1&zoom=3&hl=en&sig=ACfU3U16X2vBuuy6h_4w7gpolnr4KULBtQ&ci=104%2C553%2C779%2C86&edge=0,July 1862,
5/2/1862,May 2,http://books.google.com/books?id=u11JAAAAMAAJ&pg=PA33&img=1&zoom=3&hl=en&sig=ACfU3U16X2vBuuy6h_4w7gpolnr4KULBtQ&ci=101%2C641%2C776%2C105&edge=0,July 1862,
5/10/1862,May 10,http://books.google.com/books?id=u11JAAAAMAAJ&pg=PA33&img=1&zoom=3&hl=en&sig=ACfU3U16X2vBuuy6h_4w7gpolnr4KULBtQ&ci=101%2C641%2C776%2C105&edge=0,July 1862,
5/17/1862,May 17,http://books.google.com/books?id=u11JAAAAMAAJ&pg=PA33&img=1&zoom=3&hl=en&sig=ACfU3U16X2vBuuy6h_4w7gpolnr4KULBtQ&ci=101%2C641%2C776%2C105&edge=0,July 1862,
5/31/1862,May 31,http://books.google.com/books?id=u11JAAAAMAAJ&pg=PA33&img=1&zoom=3&hl=en&sig=ACfU3U16X2vBuuy6h_4w7gpolnr4KULBtQ&ci=101%2C641%2C776%2C105&edge=0,July 1862,
6/7/1862,June 7,http://books.google.com/books?id=u11JAAAAMAAJ&pg=PA33&img=1&zoom=3&hl=en&sig=ACfU3U16X2vBuuy6h_4w7gpolnr4KULBtQ&ci=110%2C744%2C767%2C69&edge=0,July 1862,
6/14/1862,June 14,http://books.google.com/books?id=u11JAAAAMAAJ&pg=PA33&img=1&zoom=3&hl=en&sig=ACfU3U16X2vBuuy6h_4w7gpolnr4KULBtQ&ci=110%2C744%2C767%2C69&edge=0,July 1862,
6/26/1862,June 26,http://books.google.com/books?id=u11JAAAAMAAJ&pg=PA33&img=1&zoom=3&hl=en&sig=ACfU3U16X2vBuuy6h_4w7gpolnr4KULBtQ&ci=110%2C744%2C767%2C69&edge=0,July 1862,
7/5/1862,July 5,http://books.google.com/books?id=H15JAAAAMAAJ&pg=PA73&img=1&zoom=3&hl=en&sig=ACfU3U3wNtgICyTNcUz64v44P7MzmlPv7w&ci=90%2C636%2C802%2C90&edge=0,Jan 1863,
7/12/1862,July 12,http://books.google.com/books?id=H15JAAAAMAAJ&pg=PA73&img=1&zoom=3&hl=en&sig=ACfU3U3wNtgICyTNcUz64v44P7MzmlPv7w&ci=90%2C636%2C802%2C90&edge=0,Jan 1863,
7/19/1862,July 19,http://books.google.com/books?id=H15JAAAAMAAJ&pg=PA73&img=1&zoom=3&hl=en&sig=ACfU3U3wNtgICyTNcUz64v44P7MzmlPv7w&ci=90%2C636%2C802%2C90&edge=0,Jan 1863,
7/27/1862,July 27,http://books.google.com/books?id=H15JAAAAMAAJ&pg=PA73&img=1&zoom=3&hl=en&sig=ACfU3U3wNtgICyTNcUz64v44P7MzmlPv7w&ci=90%2C636%2C802%2C90&edge=0,Jan 1863,
8/2/1862,August 2,http://books.google.com/books?id=H15JAAAAMAAJ&pg=PA73&img=1&zoom=3&hl=en&sig=ACfU3U3wNtgICyTNcUz64v44P7MzmlPv7w&ci=93%2C724%2C804%2C106&edge=0,Jan 1863,
8/9/1862,August 9,http://books.google.com/books?id=H15JAAAAMAAJ&pg=PA73&img=1&zoom=3&hl=en&sig=ACfU3U3wNtgICyTNcUz64v44P7MzmlPv7w&ci=93%2C724%2C804%2C106&edge=0,Jan 1863,
8/16/1862,August 16,http://books.google.com/books?id=H15JAAAAMAAJ&pg=PA73&img=1&zoom=3&hl=en&sig=ACfU3U3wNtgICyTNcUz64v44P7MzmlPv7w&ci=93%2C724%2C804%2C106&edge=0,Jan 1863,
8/23/1862,August 23,http://books.google.com/books?id=H15JAAAAMAAJ&pg=PA73&img=1&zoom=3&hl=en&sig=ACfU3U3wNtgICyTNcUz64v44P7MzmlPv7w&ci=93%2C724%2C804%2C106&edge=0,Jan 1863,
8/30/1862,August 30,http://books.google.com/books?id=H15JAAAAMAAJ&pg=PA73&img=1&zoom=3&hl=en&sig=ACfU3U3wNtgICyTNcUz64v44P7MzmlPv7w&ci=93%2C724%2C804%2C106&edge=0,Jan 1863,
9/6/1862,September 6,http://books.google.com/books?id=H15JAAAAMAAJ&pg=PA73&img=1&zoom=3&hl=en&sig=ACfU3U3wNtgICyTNcUz64v44P7MzmlPv7w&ci=91%2C832%2C812%2C85&edge=0,Jan 1863,
9/13/1862,September 13,http://books.google.com/books?id=H15JAAAAMAAJ&pg=PA73&img=1&zoom=3&hl=en&sig=ACfU3U3wNtgICyTNcUz64v44P7MzmlPv7w&ci=91%2C832%2C812%2C85&edge=0,Jan 1863,
9/20/1862,September 20,http://books.google.com/books?id=H15JAAAAMAAJ&pg=PA73&img=1&zoom=3&hl=en&sig=ACfU3U3wNtgICyTNcUz64v44P7MzmlPv7w&ci=91%2C832%2C812%2C85&edge=0,Jan 1863,
9/27/1862,September 27,http://books.google.com/books?id=H15JAAAAMAAJ&pg=PA73&img=1&zoom=3&hl=en&sig=ACfU3U3wNtgICyTNcUz64v44P7MzmlPv7w&ci=91%2C832%2C812%2C85&edge=0,Jan 1863,
10/4/1862,October 4,http://books.google.com/books?id=H15JAAAAMAAJ&pg=PA73&img=1&zoom=3&hl=en&sig=ACfU3U3wNtgICyTNcUz64v44P7MzmlPv7w&ci=92%2C919%2C807%2C82&edge=0,Jan 1863,
10/11/1862,October 11,http://books.google.com/books?id=H15JAAAAMAAJ&pg=PA73&img=1&zoom=3&hl=en&sig=ACfU3U3wNtgICyTNcUz64v44P7MzmlPv7w&ci=92%2C919%2C807%2C82&edge=0,Jan 1863,
10/18/1862,October 18,http://books.google.com/books?id=H15JAAAAMAAJ&pg=PA73&img=1&zoom=3&hl=en&sig=ACfU3U3wNtgICyTNcUz64v44P7MzmlPv7w&ci=92%2C919%2C807%2C82&edge=0,Jan 1863,
10/25/1862,October 25,http://books.google.com/books?id=H15JAAAAMAAJ&pg=PA73&img=1&zoom=3&hl=en&sig=ACfU3U3wNtgICyTNcUz64v44P7MzmlPv7w&ci=92%2C919%2C807%2C82&edge=0,Jan 1863,
11/1/1862,November 1,http://books.google.com/books?id=H15JAAAAMAAJ&pg=PA73&img=1&zoom=3&hl=en&sig=ACfU3U3wNtgICyTNcUz64v44P7MzmlPv7w&ci=93%2C1000%2C790%2C112&edge=0,Jan 1863,
11/8/1862,November 8,http://books.google.com/books?id=H15JAAAAMAAJ&pg=PA73&img=1&zoom=3&hl=en&sig=ACfU3U3wNtgICyTNcUz64v44P7MzmlPv7w&ci=93%2C1000%2C790%2C112&edge=0,Jan 1863,
11/15/1862,November 15,http://books.google.com/books?id=H15JAAAAMAAJ&pg=PA73&img=1&zoom=3&hl=en&sig=ACfU3U3wNtgICyTNcUz64v44P7MzmlPv7w&ci=93%2C1000%2C790%2C112&edge=0,Jan 1863,
11/23/1862,November 23,http://books.google.com/books?id=H15JAAAAMAAJ&pg=PA73&img=1&zoom=3&hl=en&sig=ACfU3U3wNtgICyTNcUz64v44P7MzmlPv7w&ci=93%2C1000%2C790%2C112&edge=0,Jan 1863,
11/30/1862,November 30,http://books.google.com/books?id=H15JAAAAMAAJ&pg=PA73&img=1&zoom=3&hl=en&sig=ACfU3U3wNtgICyTNcUz64v44P7MzmlPv7w&ci=93%2C1000%2C790%2C112&edge=0,Jan 1863,
12/6/1862,December 6,http://books.google.com/books?id=H15JAAAAMAAJ&pg=PA73&img=1&zoom=3&hl=en&sig=ACfU3U3wNtgICyTNcUz64v44P7MzmlPv7w&ci=85%2C1104%2C810%2C96&edge=0,Jan 1863,
12/13/1862,December 13,http://books.google.com/books?id=H15JAAAAMAAJ&pg=PA73&img=1&zoom=3&hl=en&sig=ACfU3U3wNtgICyTNcUz64v44P7MzmlPv7w&ci=85%2C1104%2C810%2C96&edge=0,Jan 1863,
12/20/1862,December 20,http://books.google.com/books?id=H15JAAAAMAAJ&pg=PA73&img=1&zoom=3&hl=en&sig=ACfU3U3wNtgICyTNcUz64v44P7MzmlPv7w&ci=85%2C1104%2C810%2C96&edge=0,Jan 1863,
12/27/1862,December 27,http://books.google.com/books?id=H15JAAAAMAAJ&pg=PA73&img=1&zoom=3&hl=en&sig=ACfU3U3wNtgICyTNcUz64v44P7MzmlPv7w&ci=85%2C1104%2C810%2C96&edge=0,Jan 1863,
1/3/1863,January 3,http://books.google.com/books?id=v15JAAAAMAAJ&pg=PA31&img=1&zoom=3&hl=en&sig=ACfU3U1ZLjQ7SioWnxndnL-SbyeAs06DEQ&ci=138%2C198%2C761%2C118&edge=0,Jan 1864,
1/10/1863,January 10,http://books.google.com/books?id=v15JAAAAMAAJ&pg=PA31&img=1&zoom=3&hl=en&sig=ACfU3U1ZLjQ7SioWnxndnL-SbyeAs06DEQ&ci=138%2C198%2C761%2C118&edge=0,Jan 1864,
1/17/1863,January 17,http://books.google.com/books?id=v15JAAAAMAAJ&pg=PA31&img=1&zoom=3&hl=en&sig=ACfU3U1ZLjQ7SioWnxndnL-SbyeAs06DEQ&ci=138%2C198%2C761%2C118&edge=0,Jan 1864,
1/24/1863,January 24,http://books.google.com/books?id=v15JAAAAMAAJ&pg=PA31&img=1&zoom=3&hl=en&sig=ACfU3U1ZLjQ7SioWnxndnL-SbyeAs06DEQ&ci=138%2C198%2C761%2C118&edge=0,Jan 1864,
1/31/1863,January 31,http://books.google.com/books?id=v15JAAAAMAAJ&pg=PA31&img=1&zoom=3&hl=en&sig=ACfU3U1ZLjQ7SioWnxndnL-SbyeAs06DEQ&ci=138%2C198%2C761%2C118&edge=0,Jan 1864,
2/7/1863,February 7,http://books.google.com/books?id=v15JAAAAMAAJ&pg=PA31&img=1&zoom=3&hl=en&sig=ACfU3U1ZLjQ7SioWnxndnL-SbyeAs06DEQ&ci=128%2C313%2C773%2C87&edge=0,Jan 1864,
2/14/1863,February 14,http://books.google.com/books?id=v15JAAAAMAAJ&pg=PA31&img=1&zoom=3&hl=en&sig=ACfU3U1ZLjQ7SioWnxndnL-SbyeAs06DEQ&ci=128%2C313%2C773%2C87&edge=0,Jan 1864,
2/21/1863,February 21,http://books.google.com/books?id=v15JAAAAMAAJ&pg=PA31&img=1&zoom=3&hl=en&sig=ACfU3U1ZLjQ7SioWnxndnL-SbyeAs06DEQ&ci=128%2C313%2C773%2C87&edge=0,Jan 1864,
2/28/1863,February 28,http://books.google.com/books?id=v15JAAAAMAAJ&pg=PA31&img=1&zoom=3&hl=en&sig=ACfU3U1ZLjQ7SioWnxndnL-SbyeAs06DEQ&ci=128%2C313%2C773%2C87&edge=0,Jan 1864,
3/7/1863,March 7,http://books.google.com/books?id=v15JAAAAMAAJ&pg=PA31&img=1&zoom=3&hl=en&sig=ACfU3U1ZLjQ7SioWnxndnL-SbyeAs06DEQ&ci=131%2C397%2C766%2C80&edge=0,Jan 1864,
3/14/1863,March 14,http://books.google.com/books?id=v15JAAAAMAAJ&pg=PA31&img=1&zoom=3&hl=en&sig=ACfU3U1ZLjQ7SioWnxndnL-SbyeAs06DEQ&ci=131%2C397%2C766%2C80&edge=0,Jan 1864,
3/21/1863,March 21,http://books.google.com/books?id=v15JAAAAMAAJ&pg=PA31&img=1&zoom=3&hl=en&sig=ACfU3U1ZLjQ7SioWnxndnL-SbyeAs06DEQ&ci=131%2C397%2C766%2C80&edge=0,Jan 1864,
3/28/1863,March 28,http://books.google.com/books?id=v15JAAAAMAAJ&pg=PA31&img=1&zoom=3&hl=en&sig=ACfU3U1ZLjQ7SioWnxndnL-SbyeAs06DEQ&ci=131%2C397%2C766%2C80&edge=0,Jan 1864,
4/4/1863,April 4,http://books.google.com/books?id=v15JAAAAMAAJ&pg=PA31&img=1&zoom=3&hl=en&sig=ACfU3U1ZLjQ7SioWnxndnL-SbyeAs06DEQ&ci=140%2C480%2C748%2C81&edge=0,Jan 1864,
4/11/1863,April 11,http://books.google.com/books?id=v15JAAAAMAAJ&pg=PA31&img=1&zoom=3&hl=en&sig=ACfU3U1ZLjQ7SioWnxndnL-SbyeAs06DEQ&ci=140%2C480%2C748%2C81&edge=0,Jan 1864,
4/18/1863,April 18,http://books.google.com/books?id=v15JAAAAMAAJ&pg=PA31&img=1&zoom=3&hl=en&sig=ACfU3U1ZLjQ7SioWnxndnL-SbyeAs06DEQ&ci=140%2C480%2C748%2C81&edge=0,Jan 1864,
4/25/1863,April 25,http://books.google.com/books?id=v15JAAAAMAAJ&pg=PA31&img=1&zoom=3&hl=en&sig=ACfU3U1ZLjQ7SioWnxndnL-SbyeAs06DEQ&ci=140%2C480%2C748%2C81&edge=0,Jan 1864,
5/2/1863,May 2,http://books.google.com/books?id=v15JAAAAMAAJ&pg=PA31&img=1&zoom=3&hl=en&sig=ACfU3U1ZLjQ7SioWnxndnL-SbyeAs06DEQ&ci=136%2C562%2C748%2C106&edge=0,Jan 1864,
5/9/1863,May 9,http://books.google.com/books?id=v15JAAAAMAAJ&pg=PA31&img=1&zoom=3&hl=en&sig=ACfU3U1ZLjQ7SioWnxndnL-SbyeAs06DEQ&ci=136%2C562%2C748%2C106&edge=0,Jan 1864,
5/16/1863,May 16,http://books.google.com/books?id=v15JAAAAMAAJ&pg=PA31&img=1&zoom=3&hl=en&sig=ACfU3U1ZLjQ7SioWnxndnL-SbyeAs06DEQ&ci=136%2C562%2C748%2C106&edge=0,Jan 1864,
5/23/1863,May 23,http://books.google.com/books?id=v15JAAAAMAAJ&pg=PA31&img=1&zoom=3&hl=en&sig=ACfU3U1ZLjQ7SioWnxndnL-SbyeAs06DEQ&ci=136%2C562%2C748%2C106&edge=0,Jan 1864,
5/30/1863,May 30,http://books.google.com/books?id=v15JAAAAMAAJ&pg=PA31&img=1&zoom=3&hl=en&sig=ACfU3U1ZLjQ7SioWnxndnL-SbyeAs06DEQ&ci=136%2C562%2C748%2C106&edge=0,Jan 1864,
6/6/1863,June 6,http://books.google.com/books?id=v15JAAAAMAAJ&pg=PA31&img=1&zoom=3&hl=en&sig=ACfU3U1ZLjQ7SioWnxndnL-SbyeAs06DEQ&ci=141%2C658%2C739%2C86&edge=0,Jan 1864,
6/13/1863,June 13,http://books.google.com/books?id=v15JAAAAMAAJ&pg=PA31&img=1&zoom=3&hl=en&sig=ACfU3U1ZLjQ7SioWnxndnL-SbyeAs06DEQ&ci=141%2C658%2C739%2C86&edge=0,Jan 1864,
6/20/1863,June 20,http://books.google.com/books?id=v15JAAAAMAAJ&pg=PA31&img=1&zoom=3&hl=en&sig=ACfU3U1ZLjQ7SioWnxndnL-SbyeAs06DEQ&ci=141%2C658%2C739%2C86&edge=0,Jan 1864,
6/27/1863,June 27,http://books.google.com/books?id=v15JAAAAMAAJ&pg=PA31&img=1&zoom=3&hl=en&sig=ACfU3U1ZLjQ7SioWnxndnL-SbyeAs06DEQ&ci=141%2C658%2C739%2C86&edge=0,Jan 1864,
7/11/1863,July 11,http://books.google.com/books?id=v15JAAAAMAAJ&pg=PA31&img=1&zoom=3&hl=en&sig=ACfU3U1ZLjQ7SioWnxndnL-SbyeAs06DEQ&ci=137%2C736%2C757%2C93&edge=0,Jan 1864,
7/18/1863,July 18,http://books.google.com/books?id=v15JAAAAMAAJ&pg=PA31&img=1&zoom=3&hl=en&sig=ACfU3U1ZLjQ7SioWnxndnL-SbyeAs06DEQ&ci=137%2C736%2C757%2C93&edge=0,Jan 1864,
7/25/1863,July 25,http://books.google.com/books?id=v15JAAAAMAAJ&pg=PA31&img=1&zoom=3&hl=en&sig=ACfU3U1ZLjQ7SioWnxndnL-SbyeAs06DEQ&ci=137%2C736%2C757%2C93&edge=0,Jan 1864,
8/1/1863,August 1,http://books.google.com/books?id=v15JAAAAMAAJ&pg=PA31&img=1&zoom=3&hl=en&sig=ACfU3U1ZLjQ7SioWnxndnL-SbyeAs06DEQ&ci=133%2C797%2C759%2C137&edge=0,Jan 1864,
8/8/1863,August 8,http://books.google.com/books?id=v15JAAAAMAAJ&pg=PA31&img=1&zoom=3&hl=en&sig=ACfU3U1ZLjQ7SioWnxndnL-SbyeAs06DEQ&ci=133%2C797%2C759%2C137&edge=0,Jan 1864,
8/15/1863,August 15,http://books.google.com/books?id=v15JAAAAMAAJ&pg=PA31&img=1&zoom=3&hl=en&sig=ACfU3U1ZLjQ7SioWnxndnL-SbyeAs06DEQ&ci=133%2C797%2C759%2C137&edge=0,Jan 1864,
8/22/1863,August 22,http://books.google.com/books?id=v15JAAAAMAAJ&pg=PA31&img=1&zoom=3&hl=en&sig=ACfU3U1ZLjQ7SioWnxndnL-SbyeAs06DEQ&ci=133%2C797%2C759%2C137&edge=0,Jan 1864,
8/29/1863,August 29,http://books.google.com/books?id=v15JAAAAMAAJ&pg=PA31&img=1&zoom=3&hl=en&sig=ACfU3U1ZLjQ7SioWnxndnL-SbyeAs06DEQ&ci=133%2C797%2C759%2C137&edge=0,Jan 1864,
9/5/1863,September 5,http://books.google.com/books?id=v15JAAAAMAAJ&pg=PA31&img=1&zoom=3&hl=en&sig=ACfU3U1ZLjQ7SioWnxndnL-SbyeAs06DEQ&ci=134%2C891%2C761%2C119&edge=0,Jan 1864,
9/12/1863,September 12,http://books.google.com/books?id=v15JAAAAMAAJ&pg=PA31&img=1&zoom=3&hl=en&sig=ACfU3U1ZLjQ7SioWnxndnL-SbyeAs06DEQ&ci=134%2C891%2C761%2C119&edge=0,Jan 1864,
9/19/1863,September 19,http://books.google.com/books?id=v15JAAAAMAAJ&pg=PA31&img=1&zoom=3&hl=en&sig=ACfU3U1ZLjQ7SioWnxndnL-SbyeAs06DEQ&ci=134%2C891%2C761%2C119&edge=0,Jan 1864,
9/26/1863,September 26,http://books.google.com/books?id=v15JAAAAMAAJ&pg=PA31&img=1&zoom=3&hl=en&sig=ACfU3U1ZLjQ7SioWnxndnL-SbyeAs06DEQ&ci=134%2C891%2C761%2C119&edge=0,Jan 1864,
10/3/1863,October 3,http://books.google.com/books?id=v15JAAAAMAAJ&pg=PA31&img=1&zoom=3&hl=en&sig=ACfU3U1ZLjQ7SioWnxndnL-SbyeAs06DEQ&ci=139%2C969%2C750%2C140&edge=0,Jan 1864,
10/10/1863,October 10,http://books.google.com/books?id=v15JAAAAMAAJ&pg=PA31&img=1&zoom=3&hl=en&sig=ACfU3U1ZLjQ7SioWnxndnL-SbyeAs06DEQ&ci=139%2C969%2C750%2C140&edge=0,Jan 1864,
10/17/1863,October 17,http://books.google.com/books?id=v15JAAAAMAAJ&pg=PA31&img=1&zoom=3&hl=en&sig=ACfU3U1ZLjQ7SioWnxndnL-SbyeAs06DEQ&ci=139%2C969%2C750%2C140&edge=0,Jan 1864,
10/24/1863,October 24,http://books.google.com/books?id=v15JAAAAMAAJ&pg=PA31&img=1&zoom=3&hl=en&sig=ACfU3U1ZLjQ7SioWnxndnL-SbyeAs06DEQ&ci=139%2C969%2C750%2C140&edge=0,Jan 1864,
10/31/1863,October 31,http://books.google.com/books?id=v15JAAAAMAAJ&pg=PA31&img=1&zoom=3&hl=en&sig=ACfU3U1ZLjQ7SioWnxndnL-SbyeAs06DEQ&ci=139%2C969%2C750%2C140&edge=0,Jan 1864,
11/7/1863,November 7,http://books.google.com/books?id=v15JAAAAMAAJ&pg=PA31&img=1&zoom=3&hl=en&sig=ACfU3U1ZLjQ7SioWnxndnL-SbyeAs06DEQ&ci=126%2C1071%2C774%2C119&edge=0,Jan 1864,
11/14/1863,November 14,http://books.google.com/books?id=v15JAAAAMAAJ&pg=PA31&img=1&zoom=3&hl=en&sig=ACfU3U1ZLjQ7SioWnxndnL-SbyeAs06DEQ&ci=126%2C1071%2C774%2C119&edge=0,Jan 1864,
11/21/1863,November 21,http://books.google.com/books?id=v15JAAAAMAAJ&pg=PA31&img=1&zoom=3&hl=en&sig=ACfU3U1ZLjQ7SioWnxndnL-SbyeAs06DEQ&ci=126%2C1071%2C774%2C119&edge=0,Jan 1864,
11/28/1863,November 28,http://books.google.com/books?id=v15JAAAAMAAJ&pg=PA31&img=1&zoom=3&hl=en&sig=ACfU3U1ZLjQ7SioWnxndnL-SbyeAs06DEQ&ci=126%2C1071%2C774%2C119&edge=0,Jan 1864,
12/5/1863,December 5,http://books.google.com/books?id=v15JAAAAMAAJ&pg=PA31&img=1&zoom=3&hl=en&sig=ACfU3U1ZLjQ7SioWnxndnL-SbyeAs06DEQ&ci=133%2C1158%2C768%2C99&edge=0,Jan 1864,
12/12/1863,December 12,http://books.google.com/books?id=v15JAAAAMAAJ&pg=PA31&img=1&zoom=3&hl=en&sig=ACfU3U1ZLjQ7SioWnxndnL-SbyeAs06DEQ&ci=133%2C1158%2C768%2C99&edge=0,Jan 1864,
12/19/1863,December 19,http://books.google.com/books?id=v15JAAAAMAAJ&pg=PA31&img=1&zoom=3&hl=en&sig=ACfU3U1ZLjQ7SioWnxndnL-SbyeAs06DEQ&ci=133%2C1158%2C768%2C99&edge=0,Jan 1864,
12/26/1863,December 26,http://books.google.com/books?id=v15JAAAAMAAJ&pg=PA31&img=1&zoom=3&hl=en&sig=ACfU3U1ZLjQ7SioWnxndnL-SbyeAs06DEQ&ci=133%2C1158%2C768%2C99&edge=0,Jan 1864,
1/2/1864,January 2,http://books.google.com/books?id=Wl9JAAAAMAAJ&pg=PA65&img=1&zoom=3&hl=en&sig=ACfU3U0tM8dphtO0_K5DhXmeqjHJ73xXfA&ci=92%2C976%2C789%2C149&edge=0,Jan 1865,
1/9/1864,January 9,http://books.google.com/books?id=Wl9JAAAAMAAJ&pg=PA65&img=1&zoom=3&hl=en&sig=ACfU3U0tM8dphtO0_K5DhXmeqjHJ73xXfA&ci=92%2C976%2C789%2C149&edge=0,Jan 1865,
1/16/1864,January 16,http://books.google.com/books?id=Wl9JAAAAMAAJ&pg=PA65&img=1&zoom=3&hl=en&sig=ACfU3U0tM8dphtO0_K5DhXmeqjHJ73xXfA&ci=92%2C976%2C789%2C149&edge=0,Jan 1865,
1/23/1864,January 23,http://books.google.com/books?id=Wl9JAAAAMAAJ&pg=PA65&img=1&zoom=3&hl=en&sig=ACfU3U0tM8dphtO0_K5DhXmeqjHJ73xXfA&ci=92%2C976%2C789%2C149&edge=0,Jan 1865,
1/30/1864,January 30,http://books.google.com/books?id=Wl9JAAAAMAAJ&pg=PA65&img=1&zoom=3&hl=en&sig=ACfU3U0tM8dphtO0_K5DhXmeqjHJ73xXfA&ci=92%2C976%2C789%2C149&edge=0,Jan 1865,
2/6/1864,February 6,http://books.google.com/books?id=Wl9JAAAAMAAJ&pg=PA65&img=1&zoom=3&hl=en&sig=ACfU3U0tM8dphtO0_K5DhXmeqjHJ73xXfA&ci=94%2C1080%2C780%2C127&edge=0,Jan 1865,
2/13/1864,February 13,http://books.google.com/books?id=Wl9JAAAAMAAJ&pg=PA65&img=1&zoom=3&hl=en&sig=ACfU3U0tM8dphtO0_K5DhXmeqjHJ73xXfA&ci=94%2C1080%2C780%2C127&edge=0,Jan 1865,
2/20/1864,February 20,http://books.google.com/books?id=Wl9JAAAAMAAJ&pg=PA65&img=1&zoom=3&hl=en&sig=ACfU3U0tM8dphtO0_K5DhXmeqjHJ73xXfA&ci=94%2C1080%2C780%2C127&edge=0,Jan 1865,
2/27/1864,February 27,http://books.google.com/books?id=Wl9JAAAAMAAJ&pg=PA65&img=1&zoom=3&hl=en&sig=ACfU3U0tM8dphtO0_K5DhXmeqjHJ73xXfA&ci=94%2C1080%2C780%2C127&edge=0,Jan 1865,
3/5/1864,March 5,http://books.google.com/books?id=Wl9JAAAAMAAJ&pg=PA65&img=1&zoom=3&hl=en&sig=ACfU3U0tM8dphtO0_K5DhXmeqjHJ73xXfA&ci=80%2C1169%2C800%2C123&edge=0,Jan 1865,
3/12/1864,March 12,http://books.google.com/books?id=Wl9JAAAAMAAJ&pg=PA65&img=1&zoom=3&hl=en&sig=ACfU3U0tM8dphtO0_K5DhXmeqjHJ73xXfA&ci=80%2C1169%2C800%2C123&edge=0,Jan 1865,
3/19/1864,March 19,http://books.google.com/books?id=Wl9JAAAAMAAJ&pg=PA65&img=1&zoom=3&hl=en&sig=ACfU3U0tM8dphtO0_K5DhXmeqjHJ73xXfA&ci=80%2C1169%2C800%2C123&edge=0,Jan 1865,
3/26/1864,March 26,http://books.google.com/books?id=Wl9JAAAAMAAJ&pg=PA65&img=1&zoom=3&hl=en&sig=ACfU3U0tM8dphtO0_K5DhXmeqjHJ73xXfA&ci=80%2C1169%2C800%2C123&edge=0,Jan 1865,
4/2/1864,April 2,http://books.google.com/books?id=Wl9JAAAAMAAJ&pg=PA65&img=1&zoom=3&hl=en&sig=ACfU3U0tM8dphtO0_K5DhXmeqjHJ73xXfA&ci=87%2C1254%2C777%2C144&edge=0,Jan 1865,
4/9/1864,April 9,http://books.google.com/books?id=Wl9JAAAAMAAJ&pg=PA65&img=1&zoom=3&hl=en&sig=ACfU3U0tM8dphtO0_K5DhXmeqjHJ73xXfA&ci=87%2C1254%2C777%2C144&edge=0,Jan 1865,
4/16/1864,April 16,http://books.google.com/books?id=Wl9JAAAAMAAJ&pg=PA65&img=1&zoom=3&hl=en&sig=ACfU3U0tM8dphtO0_K5DhXmeqjHJ73xXfA&ci=87%2C1254%2C777%2C144&edge=0,Jan 1865,
4/23/1864,April 23,http://books.google.com/books?id=Wl9JAAAAMAAJ&pg=PA65&img=1&zoom=3&hl=en&sig=ACfU3U0tM8dphtO0_K5DhXmeqjHJ73xXfA&ci=87%2C1254%2C777%2C144&edge=0,Jan 1865,
4/30/1864,April 30,http://books.google.com/books?id=Wl9JAAAAMAAJ&pg=PA65&img=1&zoom=3&hl=en&sig=ACfU3U0tM8dphtO0_K5DhXmeqjHJ73xXfA&ci=87%2C1254%2C777%2C144&edge=0,Jan 1865,
5/7/1864,May 7,http://books.google.com/books?id=Wl9JAAAAMAAJ&pg=PA65&img=1&zoom=3&hl=en&sig=ACfU3U0tM8dphtO0_K5DhXmeqjHJ73xXfA&ci=70%2C1361%2C821%2C107&edge=0,Jan 1865,
5/14/1864,May 14,http://books.google.com/books?id=Wl9JAAAAMAAJ&pg=PA65&img=1&zoom=3&hl=en&sig=ACfU3U0tM8dphtO0_K5DhXmeqjHJ73xXfA&ci=70%2C1361%2C821%2C107&edge=0,Jan 1865,
5/21/1864,May 21,http://books.google.com/books?id=Wl9JAAAAMAAJ&pg=PA65&img=1&zoom=3&hl=en&sig=ACfU3U0tM8dphtO0_K5DhXmeqjHJ73xXfA&ci=70%2C1361%2C821%2C107&edge=0,Jan 1865,
5/28/1864,May 28,http://books.google.com/books?id=Wl9JAAAAMAAJ&pg=PA65&img=1&zoom=3&hl=en&sig=ACfU3U0tM8dphtO0_K5DhXmeqjHJ73xXfA&ci=70%2C1361%2C821%2C107&edge=0,Jan 1865,
6/4/1864,June 4,http://books.google.com/books?id=Wl9JAAAAMAAJ&pg=PA66&img=1&zoom=3&hl=en&sig=ACfU3U2072B_dk-D3kJkPxTRQsYJdGhixw&ci=97%2C181%2C782%2C113&edge=0,Jan 1865,
6/11/1864,June 11,http://books.google.com/books?id=Wl9JAAAAMAAJ&pg=PA66&img=1&zoom=3&hl=en&sig=ACfU3U2072B_dk-D3kJkPxTRQsYJdGhixw&ci=97%2C181%2C782%2C113&edge=0,Jan 1865,
6/18/1864,June 18,http://books.google.com/books?id=Wl9JAAAAMAAJ&pg=PA66&img=1&zoom=3&hl=en&sig=ACfU3U2072B_dk-D3kJkPxTRQsYJdGhixw&ci=97%2C181%2C782%2C113&edge=0,Jan 1865,
6/25/1864,June 25,http://books.google.com/books?id=Wl9JAAAAMAAJ&pg=PA66&img=1&zoom=3&hl=en&sig=ACfU3U2072B_dk-D3kJkPxTRQsYJdGhixw&ci=97%2C181%2C782%2C113&edge=0,Jan 1865,
7/2/1864,July 2,http://books.google.com/books?id=Wl9JAAAAMAAJ&pg=PA66&img=1&zoom=3&hl=en&sig=ACfU3U2072B_dk-D3kJkPxTRQsYJdGhixw&ci=102%2C255%2C787%2C142&edge=0,Jan 1865,
7/9/1864,July 9,http://books.google.com/books?id=Wl9JAAAAMAAJ&pg=PA66&img=1&zoom=3&hl=en&sig=ACfU3U2072B_dk-D3kJkPxTRQsYJdGhixw&ci=102%2C255%2C787%2C142&edge=0,Jan 1865,
7/16/1864,July 16,http://books.google.com/books?id=Wl9JAAAAMAAJ&pg=PA66&img=1&zoom=3&hl=en&sig=ACfU3U2072B_dk-D3kJkPxTRQsYJdGhixw&ci=102%2C255%2C787%2C142&edge=0,Jan 1865,
7/23/1864,July 23,http://books.google.com/books?id=Wl9JAAAAMAAJ&pg=PA66&img=1&zoom=3&hl=en&sig=ACfU3U2072B_dk-D3kJkPxTRQsYJdGhixw&ci=102%2C255%2C787%2C142&edge=0,Jan 1865,
7/30/1864,July 30,http://books.google.com/books?id=Wl9JAAAAMAAJ&pg=PA66&img=1&zoom=3&hl=en&sig=ACfU3U2072B_dk-D3kJkPxTRQsYJdGhixw&ci=102%2C255%2C787%2C142&edge=0,Jan 1865,
8/6/1864,August 6,http://books.google.com/books?id=Wl9JAAAAMAAJ&pg=PA66&img=1&zoom=3&hl=en&sig=ACfU3U2072B_dk-D3kJkPxTRQsYJdGhixw&ci=89%2C364%2C801%2C119&edge=0,Jan 1865,
8/13/1864,August 13,http://books.google.com/books?id=Wl9JAAAAMAAJ&pg=PA66&img=1&zoom=3&hl=en&sig=ACfU3U2072B_dk-D3kJkPxTRQsYJdGhixw&ci=89%2C364%2C801%2C119&edge=0,Jan 1865,
8/20/1864,August 20,http://books.google.com/books?id=Wl9JAAAAMAAJ&pg=PA66&img=1&zoom=3&hl=en&sig=ACfU3U2072B_dk-D3kJkPxTRQsYJdGhixw&ci=89%2C364%2C801%2C119&edge=0,Jan 1865,
8/27/1864,August 27,http://books.google.com/books?id=Wl9JAAAAMAAJ&pg=PA66&img=1&zoom=3&hl=en&sig=ACfU3U2072B_dk-D3kJkPxTRQsYJdGhixw&ci=89%2C364%2C801%2C119&edge=0,Jan 1865,
9/3/1864,September 3,http://books.google.com/books?id=Wl9JAAAAMAAJ&pg=PA66&img=1&zoom=3&hl=en&sig=ACfU3U2072B_dk-D3kJkPxTRQsYJdGhixw&ci=102%2C434%2C789%2C124&edge=0,Jan 1865,
9/10/1864,September 10,http://books.google.com/books?id=Wl9JAAAAMAAJ&pg=PA66&img=1&zoom=3&hl=en&sig=ACfU3U2072B_dk-D3kJkPxTRQsYJdGhixw&ci=102%2C434%2C789%2C124&edge=0,Jan 1865,
9/17/1864,September 17,http://books.google.com/books?id=Wl9JAAAAMAAJ&pg=PA66&img=1&zoom=3&hl=en&sig=ACfU3U2072B_dk-D3kJkPxTRQsYJdGhixw&ci=102%2C434%2C789%2C124&edge=0,Jan 1865,
9/24/1864,September 24,http://books.google.com/books?id=Wl9JAAAAMAAJ&pg=PA66&img=1&zoom=3&hl=en&sig=ACfU3U2072B_dk-D3kJkPxTRQsYJdGhixw&ci=102%2C434%2C789%2C124&edge=0,Jan 1865,
10/1/1864,October 1,http://books.google.com/books?id=Wl9JAAAAMAAJ&pg=PA66&img=1&zoom=3&hl=en&sig=ACfU3U2072B_dk-D3kJkPxTRQsYJdGhixw&ci=116%2C525%2C762%2C145&edge=0,Jan 1865,
10/8/1864,October 8,http://books.google.com/books?id=Wl9JAAAAMAAJ&pg=PA66&img=1&zoom=3&hl=en&sig=ACfU3U2072B_dk-D3kJkPxTRQsYJdGhixw&ci=116%2C525%2C762%2C145&edge=0,Jan 1865,
10/15/1864,October 15,http://books.google.com/books?id=Wl9JAAAAMAAJ&pg=PA66&img=1&zoom=3&hl=en&sig=ACfU3U2072B_dk-D3kJkPxTRQsYJdGhixw&ci=116%2C525%2C762%2C145&edge=0,Jan 1865,
10/22/1864,October 22,http://books.google.com/books?id=Wl9JAAAAMAAJ&pg=PA66&img=1&zoom=3&hl=en&sig=ACfU3U2072B_dk-D3kJkPxTRQsYJdGhixw&ci=116%2C525%2C762%2C145&edge=0,Jan 1865,
10/29/1864,October 29,http://books.google.com/books?id=Wl9JAAAAMAAJ&pg=PA66&img=1&zoom=3&hl=en&sig=ACfU3U2072B_dk-D3kJkPxTRQsYJdGhixw&ci=116%2C525%2C762%2C145&edge=0,Jan 1865,
11/5/1864,November 5,http://books.google.com/books?id=Wl9JAAAAMAAJ&pg=PA66&img=1&zoom=3&hl=en&sig=ACfU3U2072B_dk-D3kJkPxTRQsYJdGhixw&ci=112%2C631%2C769%2C122&edge=0,Jan 1865,
11/12/1864,November 12,http://books.google.com/books?id=Wl9JAAAAMAAJ&pg=PA66&img=1&zoom=3&hl=en&sig=ACfU3U2072B_dk-D3kJkPxTRQsYJdGhixw&ci=112%2C631%2C769%2C122&edge=0,Jan 1865,
11/19/1864,November 19,http://books.google.com/books?id=Wl9JAAAAMAAJ&pg=PA66&img=1&zoom=3&hl=en&sig=ACfU3U2072B_dk-D3kJkPxTRQsYJdGhixw&ci=112%2C631%2C769%2C122&edge=0,Jan 1865,
11/26/1864,November 26,http://books.google.com/books?id=Wl9JAAAAMAAJ&pg=PA66&img=1&zoom=3&hl=en&sig=ACfU3U2072B_dk-D3kJkPxTRQsYJdGhixw&ci=112%2C631%2C769%2C122&edge=0,Jan 1865,
12/3/1864,December 3,http://books.google.com/books?id=Wl9JAAAAMAAJ&pg=PA66&img=1&zoom=3&hl=en&sig=ACfU3U2072B_dk-D3kJkPxTRQsYJdGhixw&ci=104%2C714%2C780%2C105&edge=0,Jan 1865,
12/12/1864,December 12,http://books.google.com/books?id=Wl9JAAAAMAAJ&pg=PA66&img=1&zoom=3&hl=en&sig=ACfU3U2072B_dk-D3kJkPxTRQsYJdGhixw&ci=104%2C714%2C780%2C105&edge=0,Jan 1865,
12/19/1864,December 19,http://books.google.com/books?id=Wl9JAAAAMAAJ&pg=PA66&img=1&zoom=3&hl=en&sig=ACfU3U2072B_dk-D3kJkPxTRQsYJdGhixw&ci=104%2C714%2C780%2C105&edge=0,Jan 1865,
12/26/1864,December 26,http://books.google.com/books?id=Wl9JAAAAMAAJ&pg=PA66&img=1&zoom=3&hl=en&sig=ACfU3U2072B_dk-D3kJkPxTRQsYJdGhixw&ci=104%2C714%2C780%2C105&edge=0,Jan 1865,
1/7/1865,January 7,http://books.google.com/books?id=c19JAAAAMAAJ&pg=PA47&img=1&zoom=3&hl=en&sig=ACfU3U2t878woNGAIl_7pglrupoQ0dsDYw&ci=96%2C854%2C771%2C129&edge=0,Jul 1865,
1/14/1865,January 14,http://books.google.com/books?id=c19JAAAAMAAJ&pg=PA47&img=1&zoom=3&hl=en&sig=ACfU3U2t878woNGAIl_7pglrupoQ0dsDYw&ci=96%2C854%2C771%2C129&edge=0,Jul 1865,
1/21/1865,January 21,http://books.google.com/books?id=c19JAAAAMAAJ&pg=PA47&img=1&zoom=3&hl=en&sig=ACfU3U2t878woNGAIl_7pglrupoQ0dsDYw&ci=96%2C854%2C771%2C129&edge=0,Jul 1865,
1/28/1865,January 28,http://books.google.com/books?id=c19JAAAAMAAJ&pg=PA47&img=1&zoom=3&hl=en&sig=ACfU3U2t878woNGAIl_7pglrupoQ0dsDYw&ci=96%2C854%2C771%2C129&edge=0,Jul 1865,
2/4/1865,February 4,http://books.google.com/books?id=c19JAAAAMAAJ&pg=PA47&img=1&zoom=3&hl=en&sig=ACfU3U2t878woNGAIl_7pglrupoQ0dsDYw&ci=93%2C946%2C765%2C120&edge=0,Jul 1865,
2/11/1865,February 11,http://books.google.com/books?id=c19JAAAAMAAJ&pg=PA47&img=1&zoom=3&hl=en&sig=ACfU3U2t878woNGAIl_7pglrupoQ0dsDYw&ci=93%2C946%2C765%2C120&edge=0,Jul 1865,
2/18/1865,February 18,http://books.google.com/books?id=c19JAAAAMAAJ&pg=PA47&img=1&zoom=3&hl=en&sig=ACfU3U2t878woNGAIl_7pglrupoQ0dsDYw&ci=93%2C946%2C765%2C120&edge=0,Jul 1865,
2/25/1865,February 25,http://books.google.com/books?id=c19JAAAAMAAJ&pg=PA47&img=1&zoom=3&hl=en&sig=ACfU3U2t878woNGAIl_7pglrupoQ0dsDYw&ci=93%2C946%2C765%2C120&edge=0,Jul 1865,
3/4/1865,March 4,http://books.google.com/books?id=c19JAAAAMAAJ&pg=PA47&img=1&zoom=3&hl=en&sig=ACfU3U2t878woNGAIl_7pglrupoQ0dsDYw&ci=89%2C1028%2C777%2C116&edge=0,Jul 1865,
3/11/1865,March 11,http://books.google.com/books?id=c19JAAAAMAAJ&pg=PA47&img=1&zoom=3&hl=en&sig=ACfU3U2t878woNGAIl_7pglrupoQ0dsDYw&ci=89%2C1028%2C777%2C116&edge=0,Jul 1865,
3/18/1865,March 18,http://books.google.com/books?id=c19JAAAAMAAJ&pg=PA47&img=1&zoom=3&hl=en&sig=ACfU3U2t878woNGAIl_7pglrupoQ0dsDYw&ci=89%2C1028%2C777%2C116&edge=0,Jul 1865,
3/25/1865,March 25,http://books.google.com/books?id=c19JAAAAMAAJ&pg=PA47&img=1&zoom=3&hl=en&sig=ACfU3U2t878woNGAIl_7pglrupoQ0dsDYw&ci=89%2C1028%2C777%2C116&edge=0,Jul 1865,
4/1/1865,April 1,http://books.google.com/books?id=c19JAAAAMAAJ&pg=PA47&img=1&zoom=3&hl=en&sig=ACfU3U2t878woNGAIl_7pglrupoQ0dsDYw&ci=99%2C1106%2C759%2C140&edge=0,Jul 1865,
4/8/1865,April 8,http://books.google.com/books?id=c19JAAAAMAAJ&pg=PA47&img=1&zoom=3&hl=en&sig=ACfU3U2t878woNGAIl_7pglrupoQ0dsDYw&ci=99%2C1106%2C759%2C140&edge=0,Jul 1865,
4/15/1865,April 15,http://books.google.com/books?id=c19JAAAAMAAJ&pg=PA47&img=1&zoom=3&hl=en&sig=ACfU3U2t878woNGAIl_7pglrupoQ0dsDYw&ci=99%2C1106%2C759%2C140&edge=0,Jul 1865,
4/22/1865,April 22,http://books.google.com/books?id=c19JAAAAMAAJ&pg=PA47&img=1&zoom=3&hl=en&sig=ACfU3U2t878woNGAIl_7pglrupoQ0dsDYw&ci=99%2C1106%2C759%2C140&edge=0,Jul 1865,
4/29/1865,April 29,http://books.google.com/books?id=c19JAAAAMAAJ&pg=PA47&img=1&zoom=3&hl=en&sig=ACfU3U2t878woNGAIl_7pglrupoQ0dsDYw&ci=99%2C1106%2C759%2C140&edge=0,Jul 1865,
5/5/1865,May 5,http://books.google.com/books?id=c19JAAAAMAAJ&pg=PA47&img=1&zoom=3&hl=en&sig=ACfU3U2t878woNGAIl_7pglrupoQ0dsDYw&ci=86%2C1213%2C771%2C118&edge=0,Jul 1865,
5/12/1865,May 12,http://books.google.com/books?id=c19JAAAAMAAJ&pg=PA47&img=1&zoom=3&hl=en&sig=ACfU3U2t878woNGAIl_7pglrupoQ0dsDYw&ci=86%2C1213%2C771%2C118&edge=0,Jul 1865,
5/19/1865,May 19,http://books.google.com/books?id=c19JAAAAMAAJ&pg=PA47&img=1&zoom=3&hl=en&sig=ACfU3U2t878woNGAIl_7pglrupoQ0dsDYw&ci=86%2C1213%2C771%2C118&edge=0,Jul 1865,
5/24/1865,May 24,http://books.google.com/books?id=u11JAAAAMAAJ&pg=PA33&img=1&zoom=3&hl=en&sig=ACfU3U16X2vBuuy6h_4w7gpolnr4KULBtQ&ci=101%2C641%2C776%2C105&edge=0,July 1862,
5/26/1865,May 26,http://books.google.com/books?id=c19JAAAAMAAJ&pg=PA47&img=1&zoom=3&hl=en&sig=ACfU3U2t878woNGAIl_7pglrupoQ0dsDYw&ci=86%2C1213%2C771%2C118&edge=0,Jul 1865,
6/2/1865,June 2,http://books.google.com/books?id=c19JAAAAMAAJ&pg=PA47&img=1&zoom=3&hl=en&sig=ACfU3U2t878woNGAIl_7pglrupoQ0dsDYw&ci=96%2C1299%2C761%2C152&edge=0,Jul 1865,
6/9/1865,June 9,http://books.google.com/books?id=c19JAAAAMAAJ&pg=PA47&img=1&zoom=3&hl=en&sig=ACfU3U2t878woNGAIl_7pglrupoQ0dsDYw&ci=96%2C1299%2C761%2C152&edge=0,Jul 1865,
6/16/1865,June 16,http://books.google.com/books?id=c19JAAAAMAAJ&pg=PA47&img=1&zoom=3&hl=en&sig=ACfU3U2t878woNGAIl_7pglrupoQ0dsDYw&ci=96%2C1299%2C761%2C152&edge=0,Jul 1865,
6/23/1865,June 23,http://books.google.com/books?id=c19JAAAAMAAJ&pg=PA47&img=1&zoom=3&hl=en&sig=ACfU3U2t878woNGAIl_7pglrupoQ0dsDYw&ci=96%2C1299%2C761%2C152&edge=0,Jul 1865,
6/30/1865,June 30,http://books.google.com/books?id=c19JAAAAMAAJ&pg=PA47&img=1&zoom=3&hl=en&sig=ACfU3U2t878woNGAIl_7pglrupoQ0dsDYw&ci=96%2C1299%2C761%2C152&edge=0,Jul 1865,
7/7/1865,July 7,http://books.google.com/books?id=c19JAAAAMAAJ&pg=PA47&img=1&zoom=3&hl=en&sig=ACfU3U2t878woNGAIl_7pglrupoQ0dsDYw&ci=96%2C1299%2C761%2C152&edge=0,Jul 1865,
7/14/1865,July 14,http://books.google.com/books?id=c19JAAAAMAAJ&pg=PA139&img=1&zoom=3&hl=en&sig=ACfU3U0wac_rs99939kIOeanKXGcjA_5lQ&ci=59%2C619%2C791%2C108&edge=0,Aug 1865,
7/21/1865,July 21,http://books.google.com/books?id=c19JAAAAMAAJ&pg=PA139&img=1&zoom=3&hl=en&sig=ACfU3U0wac_rs99939kIOeanKXGcjA_5lQ&ci=59%2C619%2C791%2C108&edge=0,Aug 1865,
7/28/1865,July 28,http://books.google.com/books?id=c19JAAAAMAAJ&pg=PA139&img=1&zoom=3&hl=en&sig=ACfU3U0wac_rs99939kIOeanKXGcjA_5lQ&ci=59%2C619%2C791%2C108&edge=0,Aug 1865,
8/5/1865,August 5,http://books.google.com/books?id=c19JAAAAMAAJ&pg=PA229&img=1&zoom=3&hl=en&sig=ACfU3U3l-cspwiTHMBAAicElpqdUf_Pijw&ci=63%2C688%2C799%2C118&edge=0,Sept 1865,
8/12/1865,August 12,http://books.google.com/books?id=c19JAAAAMAAJ&pg=PA229&img=1&zoom=3&hl=en&sig=ACfU3U3l-cspwiTHMBAAicElpqdUf_Pijw&ci=63%2C688%2C799%2C118&edge=0,Sept 1865,
8/19/1865,August 19,http://books.google.com/books?id=c19JAAAAMAAJ&pg=PA229&img=1&zoom=3&hl=en&sig=ACfU3U3l-cspwiTHMBAAicElpqdUf_Pijw&ci=63%2C688%2C799%2C118&edge=0,Sept 1865,
8/26/1865,August 26,http://books.google.com/books?id=c19JAAAAMAAJ&pg=PA229&img=1&zoom=3&hl=en&sig=ACfU3U3l-cspwiTHMBAAicElpqdUf_Pijw&ci=63%2C688%2C799%2C118&edge=0,Sept 1865,
9/2/1865,September 2,http://books.google.com/books?id=c19JAAAAMAAJ&pg=PA377&img=1&zoom=3&hl=en&sig=ACfU3U2PVJIGz8YGj6kdzwPLfdDt6ZTkfg&ci=77%2C1256%2C769%2C116&edge=0,Nov 1865,
9/9/1865,September 9,http://books.google.com/books?id=c19JAAAAMAAJ&pg=PA377&img=1&zoom=3&hl=en&sig=ACfU3U2PVJIGz8YGj6kdzwPLfdDt6ZTkfg&ci=77%2C1256%2C769%2C116&edge=0,Nov 1865,
9/16/1865,September 16,http://books.google.com/books?id=c19JAAAAMAAJ&pg=PA377&img=1&zoom=3&hl=en&sig=ACfU3U2PVJIGz8YGj6kdzwPLfdDt6ZTkfg&ci=77%2C1256%2C769%2C116&edge=0,Nov 1865,
9/23/1865,September 23,http://books.google.com/books?id=c19JAAAAMAAJ&pg=PA377&img=1&zoom=3&hl=en&sig=ACfU3U2PVJIGz8YGj6kdzwPLfdDt6ZTkfg&ci=77%2C1256%2C769%2C116&edge=0,Nov 1865,
9/30/1865,September 30,http://books.google.com/books?id=c19JAAAAMAAJ&pg=PA377&img=1&zoom=3&hl=en&sig=ACfU3U2PVJIGz8YGj6kdzwPLfdDt6ZTkfg&ci=77%2C1256%2C769%2C116&edge=0,Nov 1865,
10/7/1865,October 7,http://books.google.com/books?id=c19JAAAAMAAJ&pg=PA377&img=1&zoom=3&hl=en&sig=ACfU3U2PVJIGz8YGj6kdzwPLfdDt6ZTkfg&ci=84%2C1345%2C766%2C109&edge=0,Nov 1865,
10/14/1865,October 14,http://books.google.com/books?id=c19JAAAAMAAJ&pg=PA377&img=1&zoom=3&hl=en&sig=ACfU3U2PVJIGz8YGj6kdzwPLfdDt6ZTkfg&ci=84%2C1345%2C766%2C109&edge=0,Nov 1865,
10/21/1865,October 21,http://books.google.com/books?id=c19JAAAAMAAJ&pg=PA377&img=1&zoom=3&hl=en&sig=ACfU3U2PVJIGz8YGj6kdzwPLfdDt6ZTkfg&ci=84%2C1345%2C766%2C109&edge=0,Nov 1865,
10/28/1865,October 28,http://books.google.com/books?id=c19JAAAAMAAJ&pg=PA377&img=1&zoom=3&hl=en&sig=ACfU3U2PVJIGz8YGj6kdzwPLfdDt6ZTkfg&ci=84%2C1345%2C766%2C109&edge=0,Nov 1865,
11/4/1865,November 4,http://books.google.com/books?id=c19JAAAAMAAJ&pg=PA463&img=1&zoom=3&hl=en&sig=ACfU3U0U7qm1-TY0GCr-a0uLS5GJBVuJUg&ci=115%2C405%2C757%2C107&edge=0,Dec 1865,
11/11/1865,November 11,http://books.google.com/books?id=c19JAAAAMAAJ&pg=PA463&img=1&zoom=3&hl=en&sig=ACfU3U0U7qm1-TY0GCr-a0uLS5GJBVuJUg&ci=115%2C405%2C757%2C107&edge=0,Dec 1865,
11/18/1865,November 18,http://books.google.com/books?id=c19JAAAAMAAJ&pg=PA463&img=1&zoom=3&hl=en&sig=ACfU3U0U7qm1-TY0GCr-a0uLS5GJBVuJUg&ci=115%2C405%2C757%2C107&edge=0,Dec 1865,
11/25/1865,November 25,http://books.google.com/books?id=c19JAAAAMAAJ&pg=PA463&img=1&zoom=3&hl=en&sig=ACfU3U0U7qm1-TY0GCr-a0uLS5GJBVuJUg&ci=115%2C405%2C757%2C107&edge=0,Dec 1865,
12/1/1865,December 1,http://books.google.com/books?id=3mhJAAAAMAAJ&pg=PA85&img=1&zoom=3&hl=en&sig=ACfU3U3VV0l5dHJSGjML-jdj5QacOAIwug&ci=78%2C1033%2C774%2C144&edge=0,Jan 1866,
12/8/1865,December 8,http://books.google.com/books?id=3mhJAAAAMAAJ&pg=PA85&img=1&zoom=3&hl=en&sig=ACfU3U3VV0l5dHJSGjML-jdj5QacOAIwug&ci=78%2C1033%2C774%2C144&edge=0,Jan 1866,
12/15/1865,December 15,http://books.google.com/books?id=3mhJAAAAMAAJ&pg=PA85&img=1&zoom=3&hl=en&sig=ACfU3U3VV0l5dHJSGjML-jdj5QacOAIwug&ci=78%2C1033%2C774%2C144&edge=0,Jan 1866,
12/22/1865,December 22,http://books.google.com/books?id=3mhJAAAAMAAJ&pg=PA85&img=1&zoom=3&hl=en&sig=ACfU3U3VV0l5dHJSGjML-jdj5QacOAIwug&ci=78%2C1033%2C774%2C144&edge=0,Jan 1866,
12/29/1865,December 29,http://books.google.com/books?id=3mhJAAAAMAAJ&pg=PA85&img=1&zoom=3&hl=en&sig=ACfU3U3VV0l5dHJSGjML-jdj5QacOAIwug&ci=78%2C1033%2C774%2C144&edge=0,Jan 1866,