"date","volume","url","description","issuer","price_string","low_price","high_price","in_table","comment","asset"
"1860-08-25",15,"http://books.google.com/books?id=KVwmAQAAIAAJ&pg=PA253","Alabama  ","Alabama","90 @ 92",90,92,0,,"alabama"
"1858-11-24",13,"http://books.google.com/books?id=HVomAQAAIAAJ&pg=PA511","Alabama 5 per cents","Alabama","85 @ 86",85,86,0,,"alabama"
"1859-11-26",14,"http://books.google.com/books?id=H1smAQAAIAAJ&lr&pg=PA494","Alabama 5 per cents","Alabama","88 @ 91",88,91,0,,"alabama"
"1859-12-27",14,"http://books.google.com/books?id=H1smAQAAIAAJ&lr&pg=PA574","Alabama 5 per cents","Alabama","91",91,91,0,,"alabama"
"1860-02-25",14,"http://books.google.com/books?id=H1smAQAAIAAJ&lr&pg=PA749","Alabama 5 per cents","Alabama","93 @ 95",93,95,0,,"alabama"
"1860-05-25",14,"http://books.google.com/books?id=H1smAQAAIAAJ&lr&pg=PA971","Alabama 5 per cents","Alabama","93 @ 95",93,95,0,,"alabama"
"1864-04-20",18,"http://books.google.com/books?id=D14mAQAAIAAJ&pg=PA925","Brooklyn 6's","Brooklyn","110 @ 110.25",110,110.25,1,,"brooklyn_6"
"1865-12-23",20,"http://books.google.com/books?id=1HY9AAAAYAAJ&pg=PA591","Brooklyn 6's ","Brooklyn","96.25 @ 97",96.25,97,1,,"brooklyn_6"
"1864-04-20",18,"http://books.google.com/books?id=D14mAQAAIAAJ&pg=PA925","Brooklyn Improvements","Brooklyn","109",109,109,1,,"brooklyn_improvements"
"1865-12-23",20,"http://books.google.com/books?id=1HY9AAAAYAAJ&pg=PA591","Brooklyn Improvements","Brooklyn","84 @ 93.25",84,93.25,1,,"brooklyn_improvements"
"1864-04-20",18,"http://books.google.com/books?id=D14mAQAAIAAJ&pg=PA925","Brooklyn Water","Brooklyn","109 @ 111",109,111,1,,"brooklyn_water"
"1865-12-23",20,"http://books.google.com/books?id=1HY9AAAAYAAJ&pg=PA591","Brooklyn Water","Brooklyn","94 @ 95",94,95,1,,"brooklyn_water"
"1858-06-26",13,"http://books.google.com/books?id=HVomAQAAIAAJ&pg=PA78","California","California","86 @ 86.5",86,86.5,0,,
"1860-09-26",15,"http://books.google.com/books?id=KVwmAQAAIAAJ&pg=PA333","California","California","93 @ 94",93,94,0,,
"1861-12-28",16,"http://books.google.com/books?id=B10mAQAAIAAJ&pg=PA558","California","California","77.5 @ 83",77.5,83,0,,
"1862-01-24",16,"http://books.google.com/books?id=B10mAQAAIAAJ&pg=PA653","California","California","76.75 @ 79",76.75,79,0,,
"1863-09-21",18,"http://books.google.com/books?id=D14mAQAAIAAJ&pg=PA325","California","California","115 @ 120",115,120,0,,
"1863-11-25",18,"http://books.google.com/books?id=D14mAQAAIAAJ&pg=PA500","California","California","125 @ 126",125,126,0,,
"1863-09-21",18,"http://books.google.com/books?id=D14mAQAAIAAJ&pg=PA325","California 7 per cent","California","115 @ 120",115,120,0,,
"1863-11-25",18,"http://books.google.com/books?id=D14mAQAAIAAJ&pg=PA500","California 7 per cent","California","125 @ 126",125,126,0,,
"1864-11-26",19,"http://books.google.com/books?id=lGAmAQAAIAAJ&pg=PA510","California 7 per cent","California","152 @ 154",152,154,0,,
"1865-02-21",19,"http://books.google.com/books?id=lGAmAQAAIAAJ&pg=PA766","California 7 per cent","California","154 @ 156",154,156,0,,
"1865-04-22",19,"http://books.google.com/books?id=lGAmAQAAIAAJ&pg=PA940","California 7 per cent","California","117.5 @ 120",117.5,120,0,,
"1865-11-25",20,"http://books.google.com/books?id=1HY9AAAAYAAJ&pg=PA509","California 7 per cent","California","116 @ 116",116,116,0,,
"1865-12-23",20,"http://books.google.com/books?id=1HY9AAAAYAAJ&pg=PA591","California 7 per cent","California","118 @ 119",118,119,0,,
"1865-11-25",20,"http://books.google.com/books?id=1HY9AAAAYAAJ&pg=PA509","California large","California","115.5 @ 118",115.5,118,0,,
"1864-12-28",19,"http://books.google.com/books?id=lGAmAQAAIAAJ&pg=PA589","Connecticut","Connecticut","101 @ 107",101,107,0,,"connecticut"
"1865-02-21",19,"http://books.google.com/books?id=lGAmAQAAIAAJ&pg=PA766","Connecticut","Connecticut","100",100,100,0,,"connecticut"
"1865-05-24",19,"http://books.google.com/books?id=lGAmAQAAIAAJ&pg=PA1016","Connecticut","Connecticut","97 @ 100",97,100,0,,"connecticut"
"1865-06-28",20,"http://books.google.com/books?id=1HY9AAAAYAAJ&pg=PA93","Connecticut","Connecticut","97 @ 100",97,100,0,,"connecticut"
"1865-07-25",20,"http://books.google.com/books?id=1HY9AAAAYAAJ&pg=PA189","Connecticut","Connecticut","99 @ 100",99,100,0,,"connecticut"
"1865-12-23",20,"http://books.google.com/books?id=1HY9AAAAYAAJ&pg=PA591","Connecticut","Connecticut","95 @ 97",95,97,0,,"connecticut"
"1863-09-21",18,"http://books.google.com/books?id=D14mAQAAIAAJ&pg=PA325","Connecticut 6 pct war bonds","Connecticut","112 @ 115",112,115,0,,"connecticut"
"1863-11-25",18,"http://books.google.com/books?id=D14mAQAAIAAJ&pg=PA500","Connecticut 6 pct war bonds","Connecticut","112 @ 115",112,115,0,,"connecticut"
"1864-06-22",19,"http://books.google.com/books?id=lGAmAQAAIAAJ&pg=PA77","Connecticut 6 pct war bonds","Connecticut","108 @ 110",108,110,0,,"connecticut"
"1863-10-24",18,"http://books.google.com/books?id=D14mAQAAIAAJ&pg=PA406","Connecticut 6 per cent","Connecticut","112 @ 115",112,115,0,,"connecticut"
"1865-11-25",20,"http://books.google.com/books?id=1HY9AAAAYAAJ&pg=PA509","Connecticut 6 per cent","Connecticut","94 @ 95",94,95,0,,"connecticut"
"1864-09-20",19,"http://books.google.com/books?id=lGAmAQAAIAAJ&pg=PA317","Connecticut 6 per cent  ","Connecticut","100.5",100.5,100.5,0,,"connecticut"
"1857-10-28",12,"http://books.google.com/books?id=g2QmAQAAIAAJ&pg=PA431","Florida 7 per cent","Florida","85",85,85,0,,"florida"
"1855-06-28",10,"http://books.google.com/books?id=I1gmAQAAIAAJ&pg=PA78","Georgia","Georgia","100",100,100,0,,"georgia"
"1859-04-23",13,"http://books.google.com/books?id=HVomAQAAIAAJ&pg=PA910","Georgia","Georgia","100 @ 101",100,101,0,,"georgia"
"1862-01-24",16,"http://books.google.com/books?id=B10mAQAAIAAJ&pg=PA653","Georgia","Georgia","66.25",66.25,66.25,0,,"georgia"
"1862-03-24",16,"http://books.google.com/books?id=B10mAQAAIAAJ&pg=PA830","Georgia","Georgia","74",74,74,0,,"georgia"
"1864-04-20",18,"http://books.google.com/books?id=D14mAQAAIAAJ&pg=PA925","Georgia","Georgia","57 @ 60",57,60,1,,"georgia"
"1865-11-25",20,"http://books.google.com/books?id=1HY9AAAAYAAJ&pg=PA509","Georgia","Georgia","85 @ 87",85,87,0,,"georgia"
"1865-12-23",20,"http://books.google.com/books?id=1HY9AAAAYAAJ&pg=PA591","Georgia  ","Georgia","79 @ 80",79,80,0,,"georgia"
"1860-08-25",15,"http://books.google.com/books?id=KVwmAQAAIAAJ&pg=PA253","Illinois","Illinois","106 @ 108",106,108,0,,"illinois_6"
"1863-11-25",18,"http://books.google.com/books?id=D14mAQAAIAAJ&pg=PA500","Illinois","Illinois","102  @ 103",102,103,0,,"illinois_6"
"1864-09-20",19,"http://books.google.com/books?id=lGAmAQAAIAAJ&pg=PA317","Illinois","Illinois","100 @ 105",100,105,0,,"illinois_6"
"1865-02-21",19,"http://books.google.com/books?id=lGAmAQAAIAAJ&pg=PA766","Illinois","Illinois","98 @ 100",98,100,0,,"illinois_6"
"1865-05-24",19,"http://books.google.com/books?id=lGAmAQAAIAAJ&pg=PA1016","Illinois","Illinois","95 @ 98",95,98,0,,"illinois_6"
"1865-11-25",20,"http://books.google.com/books?id=1HY9AAAAYAAJ&pg=PA509","Illinois","Illinois","96 @ 99",96,99,0,,"illinois_6"
"1865-12-23",20,"http://books.google.com/books?id=1HY9AAAAYAAJ&pg=PA591","Illinois","Illinois","97.5 @ 100",97.5,100,0,,"illinois_6"
"1864-03-26",18,"http://books.google.com/books?id=D14mAQAAIAAJ&pg=PA846","Illinois ","Illinois","100 @ 102",100,102,0,,"illinois_6"
"1859-06-25",14,"http://books.google.com/books?id=H1smAQAAIAAJ&lr&pg=PA77","Illinois 6 per cent (interest, 1847)","Illinois","100",100,100,1,,"illinois_interest_1847"
"1858-02-25",12,"http://books.google.com/books?id=g2QmAQAAIAAJ&pg=PA766","Illinois 6 per cent (internal improvement)","Illinois","95.5 @ 98",95.5,98,0,,"illinois_internal"
"1858-04-25",12,"http://books.google.com/books?id=g2QmAQAAIAAJ&pg=PA927","Illinois 6 per cent (internal improvement)","Illinois","98.5 @ 100",98.5,100,0,,"illinois_internal"
"1858-07-26",13,"http://books.google.com/books?id=HVomAQAAIAAJ&pg=PA159","Illinois 6 per cent (internal improvement)","Illinois","101.5 @ 103",101.5,103,0,,"illinois_internal"
"1858-11-24",13,"http://books.google.com/books?id=HVomAQAAIAAJ&pg=PA511","Illinois 6 per cent (internal improvement)","Illinois","103 @ 104",103,104,0,,"illinois_internal"
"1859-01-26",13,"http://books.google.com/books?id=HVomAQAAIAAJ&pg=PA670","Illinois 6 per cent (internal improvement)","Illinois","104 @ 106",104,106,0,,"illinois_internal"
"1859-03-26",13,"http://books.google.com/books?id=HVomAQAAIAAJ&pg=PA830","Illinois 6 per cent (internal improvement)","Illinois","106",106,106,0,,"illinois_internal"
"1859-06-25",14,"http://books.google.com/books?id=H1smAQAAIAAJ&lr&pg=PA77","Illinois 6 per cent (internal improvement)","Illinois","102.5 @ 103",102.5,103,1,,"illinois_internal"
"1859-11-26",14,"http://books.google.com/books?id=H1smAQAAIAAJ&lr&pg=PA494","Illinois 6 per cent (internal improvement)","Illinois","101 @ 103",101,103,0,,"illinois_internal"
"1859-12-27",14,"http://books.google.com/books?id=H1smAQAAIAAJ&lr&pg=PA574","Illinois 6 per cent (internal improvement)","Illinois","101 @ 104",101,104,0,,"illinois_internal"
"1860-02-25",14,"http://books.google.com/books?id=H1smAQAAIAAJ&lr&pg=PA749","Illinois 6 per cent (internal improvement)","Illinois","100 @ 100.5",100,100.5,0,,"illinois_internal"
"1860-04-24",14,"http://books.google.com/books?id=H1smAQAAIAAJ&lr&pg=PA917","Illinois 6 per cent (internal improvement)","Illinois","103 @ 104",103,104,0,,"illinois_internal"
"1860-06-25",15,"http://books.google.com/books?id=KVwmAQAAIAAJ&pg=PA77","Illinois 6 per cent (internal improvement)","Illinois","103 @ 104",103,104,0,,"illinois_internal"
"1860-07-25",15,"http://books.google.com/books?id=KVwmAQAAIAAJ&pg=PA165","Illinois 6 per cent (internal improvement)","Illinois","103 @ 104",103,104,0,,"illinois_internal"
"1861-05-24",15,"http://books.google.com/books?id=KVwmAQAAIAAJ&pg=PA946","Illinois 6 per cent (internal improvement)","Illinois","95 @ 100",95,100,0,,"illinois_internal"
"1862-05-25",16,"http://books.google.com/books?id=B10mAQAAIAAJ&pg=PA973","Illinois Canal 1860","Illinois","95",95,95,1,,"illinois_canal"
"1863-04-25",17,"http://books.google.com/books?id=tF0mAQAAIAAJ&pg=PA916","Illinois Canal 1860","Illinois","100",100,100,1,,"illinois_canal"
"1864-04-20",18,"http://books.google.com/books?id=D14mAQAAIAAJ&pg=PA925","Illinois Canal 1860","Illinois","100",100,100,1,,"illinois_canal"
"1865-11-25",20,"http://books.google.com/books?id=1HY9AAAAYAAJ&pg=PA509","Illinois Canal Reg","Illinois","97 @ 97",97,97,1,,"illinois_canal"
"1862-05-25",16,"http://books.google.com/books?id=B10mAQAAIAAJ&pg=PA973","Illinois Canal, registered, 1860","Illinois","95 @ 95.5",95,95.5,1,,"illinois_canal"
"1865-11-25",20,"http://books.google.com/books?id=1HY9AAAAYAAJ&pg=PA509","Illinois Coupon 6's 1870","Illinois","99 @ 99",99,99,0,,"illinois_6"
"1865-11-25",20,"http://books.google.com/books?id=1HY9AAAAYAAJ&pg=PA509","Illinois Coupon 6's 1877","Illinois","99 @ 100",99,100,0,,"illinois_6"
"1865-11-25",20,"http://books.google.com/books?id=1HY9AAAAYAAJ&pg=PA509","Illinois Coupon 6's 1879","Illinois","99 @ 100",99,100,0,,"illinois_6"
"1863-04-25",17,"http://books.google.com/books?id=tF0mAQAAIAAJ&pg=PA916","Illinois Coupon 6's, 1860","Illinois","101",101,101,1,,"illinois_6"
"1862-05-25",16,"http://books.google.com/books?id=B10mAQAAIAAJ&pg=PA973","Illinois Coupon, 1862","Illinois","96",96,96,1,,"illinois_6"
"1863-04-25",17,"http://books.google.com/books?id=tF0mAQAAIAAJ&pg=PA916","Illinois Coupon, 1862","Illinois","101 @ 103",101,103,1,,"illinois_6"
"1862-05-25",16,"http://books.google.com/books?id=B10mAQAAIAAJ&pg=PA973","Illinois Coupon, 1865","Illinois","96.5",96.5,96.5,1,,"illinois_6"
"1863-04-25",17,"http://books.google.com/books?id=tF0mAQAAIAAJ&pg=PA916","Illinois Coupon, 1865","Illinois","101",101,101,1,,"illinois_6"
"1862-05-25",16,"http://books.google.com/books?id=B10mAQAAIAAJ&pg=PA973","Illinois Coupon, 1870","Illinois","97.25",97.25,97.25,1,,"illinois_6"
"1863-04-25",17,"http://books.google.com/books?id=tF0mAQAAIAAJ&pg=PA916","Illinois Coupon, 1870","Illinois","107 @ 107.25",107,107.25,1,,"illinois_6"
"1864-04-20",18,"http://books.google.com/books?id=D14mAQAAIAAJ&pg=PA925","Illinois Coupon, 1870","Illinois","101 @ 103",101,103,1,,"illinois_6"
"1863-04-25",17,"http://books.google.com/books?id=tF0mAQAAIAAJ&pg=PA916","Illinois Coupon, 1874","Illinois","109 @ 110",109,110,1,,"illinois_6"
"1862-05-25",16,"http://books.google.com/books?id=B10mAQAAIAAJ&pg=PA973","Illinois Coupon, 1875","Illinois","97.25 @ 98",97.25,98,1,,"illinois_6"
"1862-10-25",17,"http://books.google.com/books?id=tF0mAQAAIAAJ&pg=PA407","Illinois Coupon, 1877","Illinois","105 @ 106",105,106,0,,"illinois_6"
"1864-04-20",18,"http://books.google.com/books?id=D14mAQAAIAAJ&pg=PA925","Illinois Coupon, 1877","Illinois","103.5",103.5,103.5,1,,"illinois_6"
"1862-05-25",16,"http://books.google.com/books?id=B10mAQAAIAAJ&pg=PA973","Illinois Coupon, 1879","Illinois","97 @ 97.75",97,97.75,1,,"illinois_6"
"1864-04-20",18,"http://books.google.com/books?id=D14mAQAAIAAJ&pg=PA925","Illinois Coupon, 1879","Illinois","104",104,104,1,,"illinois_6"
"1857-11-27",12,"http://books.google.com/books?id=g2QmAQAAIAAJ&pg=PA511","Illinois Internal Improvement 6 per cent","Illinois","80 @ 83",80,83,0,,"illinois_internal"
"1865-04-22",19,"http://books.google.com/books?id=lGAmAQAAIAAJ&pg=PA940","Illinois six per cents","Illinois","95 @ 96",95,96,0,,"illinois_6"
"1863-10-24",18,"http://books.google.com/books?id=D14mAQAAIAAJ&pg=PA406","Illinois sixes","Illinois","98 @ 102",98,102,0,,"illinois_6"
"1863-10-24",18,"http://books.google.com/books?id=D14mAQAAIAAJ&pg=PA406","Illinois sixes","Illinois","98 @ 102",98,102,0,,"illinois_6"
"1864-12-28",19,"http://books.google.com/books?id=lGAmAQAAIAAJ&pg=PA589","Illinois sixes","Illinois","99 @ 102",99,102,0,,"illinois_6"
"1865-07-25",20,"http://books.google.com/books?id=1HY9AAAAYAAJ&pg=PA189","Illinois sixes","Illinois","95 @ 97",95,97,0,,"illinois_6"
"1864-08-20",19,"http://books.google.com/books?id=lGAmAQAAIAAJ&pg=PA237","Illinois war fund bonds at 6 per cent","Illinois","97 @ 98",97,98,0,,"illinois_war"
"1865-11-25",20,"http://books.google.com/books?id=1HY9AAAAYAAJ&pg=PA509","Illinois War Loan","Illinois","99 @ 99",99,99,0,,"illinois_war"
"1862-05-25",16,"http://books.google.com/books?id=B10mAQAAIAAJ&pg=PA973","Illinois War Loan 6 pct","Illinois","96.25 @ 96.75",96.25,96.75,1,,"illinois_war"
"1862-09-23",17,"http://books.google.com/books?id=tF0mAQAAIAAJ&pg=PA317","Illinois War Loan 6 pct","Illinois","98 @ 100",98,100,0,,"illinois_war"
"1863-04-25",17,"http://books.google.com/books?id=tF0mAQAAIAAJ&pg=PA916","Illinois War Loan 6 pct","Illinois","102.125 @ 103",102.125,103,1,,"illinois_war"
"1863-06-20",18,"http://books.google.com/books?id=D14mAQAAIAAJ&pg=PA86","Illinois War Loan 6 pct","Illinois","102.5 @ 108",102.5,108,0,,"illinois_war"
"1863-11-25",18,"http://books.google.com/books?id=D14mAQAAIAAJ&pg=PA500","Illinois War Loan 6 pct","Illinois","102 @ 103",102,103,0,,"illinois_war"
"1864-04-20",18,"http://books.google.com/books?id=D14mAQAAIAAJ&pg=PA925","Illinois War Loan 6 pct","Illinois","101 @ 102",101,102,1,,"illinois_war"
"1863-11-25",18,"http://books.google.com/books?id=D14mAQAAIAAJ&pg=PA500","Indiana","Indiana","98 @ 99",98,99,0,,
"1864-09-20",19,"http://books.google.com/books?id=lGAmAQAAIAAJ&pg=PA317","Indiana","Indiana","99 @ 100",99,100,0,,
"1865-05-24",19,"http://books.google.com/books?id=lGAmAQAAIAAJ&pg=PA1016","Indiana","Indiana","94 @ 100",94,100,0,,
"1865-11-25",20,"http://books.google.com/books?id=1HY9AAAAYAAJ&pg=PA509","Indiana","Indiana","97 @ 98",97,98,0,,
"1865-12-23",20,"http://books.google.com/books?id=1HY9AAAAYAAJ&pg=PA591","Indiana","Indiana","96.5 @ 98",96.5,98,0,,
"1858-02-25",12,"http://books.google.com/books?id=g2QmAQAAIAAJ&pg=PA766","Indiana 2.5 per cent","Indiana","56 @ 60",56,60,0,,"indiana_2_half"
"1858-07-26",13,"http://books.google.com/books?id=HVomAQAAIAAJ&pg=PA159","Indiana 2.5 per cent","Indiana","57 @ 58",57,58,0,,"indiana_2_half"
"1859-06-25",14,"http://books.google.com/books?id=H1smAQAAIAAJ&lr&pg=PA77","Indiana 2.5 per cent","Indiana","58 @ 60",58,60,1,,"indiana_2_half"
"1863-04-25",17,"http://books.google.com/books?id=tF0mAQAAIAAJ&pg=PA916","Indiana 2.5 per cent","Indiana","68 @ 68",68,68,1,,"indiana_2_half"
"1863-08-20",18,"http://books.google.com/books?id=D14mAQAAIAAJ&pg=PA246","Indiana 5 per cent","Indiana","93 @ 95",93,95,0,,"indiana_5"
"1864-03-26",18,"http://books.google.com/books?id=D14mAQAAIAAJ&pg=PA846","Indiana 5 per cent","Indiana","86 @ 90",86,90,0,,"indiana_5"
"1864-11-26",19,"http://books.google.com/books?id=lGAmAQAAIAAJ&pg=PA510","Indiana 6 per cent","Indiana","99",99,99,0,,
"1864-12-28",19,"http://books.google.com/books?id=lGAmAQAAIAAJ&pg=PA589","Indiana 6 per cent","Indiana","94 @ 99",94,99,0,,
"1862-05-25",16,"http://books.google.com/books?id=B10mAQAAIAAJ&pg=PA973","Indiana 6 per cent War Loan","Indiana","93.5 @ 94",93.5,94,1,,
"1862-10-25",17,"http://books.google.com/books?id=tF0mAQAAIAAJ&pg=PA407","Indiana 6 per cent War Loan","Indiana","100",100,100,0,,
"1863-02-20",17,"http://books.google.com/books?id=tF0mAQAAIAAJ&pg=PA733","Indiana 6 per cent War Loan","Indiana","99.5 @ 100",99.5,100,0,,
"1863-04-25",17,"http://books.google.com/books?id=tF0mAQAAIAAJ&pg=PA916","Indiana 6 per cent War Loan","Indiana","99 @ 99.5",99,99.5,1,,
"1863-11-25",18,"http://books.google.com/books?id=D14mAQAAIAAJ&pg=PA500","Indiana 6 per cent War Loan","Indiana","98 @ 99",98,99,0,,
"1864-04-20",18,"http://books.google.com/books?id=D14mAQAAIAAJ&pg=PA925","Indiana 6 per cent War Loan","Indiana","95 @ 99",95,99,1,,
"1865-02-21",19,"http://books.google.com/books?id=lGAmAQAAIAAJ&pg=PA766","Indiana 6 per cents","Indiana","94 @ 96",94,96,0,,
"1864-08-20",19,"http://books.google.com/books?id=lGAmAQAAIAAJ&pg=PA237","Indiana War Bonds","Indiana","97 @ 100",97,100,0,,
"1865-07-25",20,"http://books.google.com/books?id=1HY9AAAAYAAJ&pg=PA189","Indiana War Loan","Indiana","94 @ 95",94,95,0,,
"1865-11-25",20,"http://books.google.com/books?id=1HY9AAAAYAAJ&pg=PA509","Indiana War Loan","Iowa","97",97,97,0,,"iowa"
"1865-05-24",19,"http://books.google.com/books?id=lGAmAQAAIAAJ&pg=PA1016","Iowa ","Iowa","100 @ 105",100,105,0,,"iowa"
"1865-02-21",19,"http://books.google.com/books?id=lGAmAQAAIAAJ&pg=PA766","Iowa 7 per cent","Iowa","100 @ 105",100,105,0,,"iowa"
"1865-07-25",20,"http://books.google.com/books?id=1HY9AAAAYAAJ&pg=PA189","Iowa 7 per cent","Iowa","101 @ 105",101,105,0,,"iowa"
"1858-11-24",13,"http://books.google.com/books?id=HVomAQAAIAAJ&pg=PA511","Iowa 7 per cents","Iowa","100 @ 110",100,110,0,,"iowa"
"1859-01-26",13,"http://books.google.com/books?id=HVomAQAAIAAJ&pg=PA670","Iowa 7 per cents","Iowa","104 @ 110",104,110,0,,"iowa"
"1859-02-24",13,"http://books.google.com/books?id=HVomAQAAIAAJ&pg=PA750","Iowa 7 per cents","Iowa","101 @ 110",101,110,0,,"iowa"
"1859-03-26",13,"http://books.google.com/books?id=HVomAQAAIAAJ&pg=PA830","Iowa 7 per cents","Iowa","107",107,107,0,,"iowa"
"1863-10-24",18,"http://books.google.com/books?id=D14mAQAAIAAJ&pg=PA406","Iowa 7 per cents","Iowa","100 @ 105",100,105,0,,"iowa"
"1863-10-24",18,"http://books.google.com/books?id=D14mAQAAIAAJ&pg=PA406","Iowa 7 per cents","Iowa","100 @ 105",100,105,0,,"iowa"
"1864-06-22",19,"http://books.google.com/books?id=lGAmAQAAIAAJ&pg=PA77","Iowa 7 per cents","Iowa","103 @ 105",103,105,0,,"iowa"
"1864-08-20",19,"http://books.google.com/books?id=lGAmAQAAIAAJ&pg=PA237","Iowa War Loan, 7 per cent","Iowa","100 @ 105",100,105,0,,"iowa"
"1864-04-20",18,"http://books.google.com/books?id=D14mAQAAIAAJ&pg=PA925","Jersey City Water","Jersey City","107 @ 108",107,108,1,,
"1865-12-23",20,"http://books.google.com/books?id=1HY9AAAAYAAJ&pg=PA591","Jersey City Water","Jersey City","91 @ 94",91,94,1,,
"1855-06-28",10,"http://books.google.com/books?id=I1gmAQAAIAAJ&pg=PA78","Kentucky","Kentucky","104",104,104,0,,"kentucky"
"1862-01-24",16,"http://books.google.com/books?id=B10mAQAAIAAJ&pg=PA653","Kentucky","Kentucky","68 @ 69",68,69,0,,"kentucky"
"1862-02-22",16,"http://books.google.com/books?id=B10mAQAAIAAJ&pg=PA751","Kentucky","Kentucky","85 @ 86",85,86,0,,"kentucky"
"1863-08-20",18,"http://books.google.com/books?id=D14mAQAAIAAJ&pg=PA246","Kentucky","Kentucky","98 @ 99",98,99,0,,"kentucky"
"1863-09-21",18,"http://books.google.com/books?id=D14mAQAAIAAJ&pg=PA325","Kentucky","Kentucky","105",105,105,0,,"kentucky"
"1864-11-26",19,"http://books.google.com/books?id=lGAmAQAAIAAJ&pg=PA510","Kentucky","Kentucky","100",100,100,0,,"kentucky"
"1865-11-25",20,"http://books.google.com/books?id=1HY9AAAAYAAJ&pg=PA509","Kentucky","Kentucky","95 @ 95",95,95,0,,"kentucky"
"1865-12-23",20,"http://books.google.com/books?id=1HY9AAAAYAAJ&pg=PA591","Kentucky","Kentucky","95 @ 98",95,98,0,,"kentucky"
"1865-12-23",20,"http://books.google.com/books?id=1HY9AAAAYAAJ&pg=PA591","Kings County","Kings County","80  @ 99",80,99,1,,
"1855-06-28",10,"http://books.google.com/books?id=I1gmAQAAIAAJ&pg=PA78","Louisiana","Lousiana","94",94,94,0,,
"1860-09-26",15,"http://books.google.com/books?id=KVwmAQAAIAAJ&pg=PA333","Louisiana","Lousiana","96 @ 98",96,98,0,,
"1863-09-21",18,"http://books.google.com/books?id=D14mAQAAIAAJ&pg=PA325","Louisiana","Lousiana","63 @ 64",63,64,0,,
"1863-09-21",18,"http://books.google.com/books?id=D14mAQAAIAAJ&pg=PA325","Louisiana","Lousiana","63 @ 64",63,64,0,,
"1864-06-22",19,"http://books.google.com/books?id=lGAmAQAAIAAJ&pg=PA77","Louisiana","Lousiana","65 @ 66",65,66,0,,
"1864-12-28",19,"http://books.google.com/books?id=lGAmAQAAIAAJ&pg=PA589","Louisiana","Lousiana","65 @ 66",65,66,0,,
"1865-12-23",20,"http://books.google.com/books?id=1HY9AAAAYAAJ&pg=PA591","Louisiana","Lousiana","75 @ 79",75,79,0,,
"1865-11-25",20,"http://books.google.com/books?id=1HY9AAAAYAAJ&pg=PA509","Louisiana 6 per cent","Lousiana","72 @ 75",72,75,0,,
"1863-10-24",18,"http://books.google.com/books?id=D14mAQAAIAAJ&pg=PA406","Maine","Maine","114 @ 115",114,115,0,,"maine"
"1863-11-25",18,"http://books.google.com/books?id=D14mAQAAIAAJ&pg=PA500","Maine","Maine","114 @ 115",114,115,0,,"maine"
"1864-09-20",19,"http://books.google.com/books?id=lGAmAQAAIAAJ&pg=PA317","Maine","Maine","100 @ 102",100,102,0,,"maine"
"1865-11-25",20,"http://books.google.com/books?id=1HY9AAAAYAAJ&pg=PA509","Maine ","Maine","96 @ 98",96,98,0,,"maine"
"1863-08-20",18,"http://books.google.com/books?id=D14mAQAAIAAJ&pg=PA246","Maine 6 pct","Maine","114 @ 115",114,115,0,,"maine"
"1863-09-21",18,"http://books.google.com/books?id=D14mAQAAIAAJ&pg=PA325","Maine 6 pct","Maine","114 @ 115",114,115,0,,"maine"
"1863-10-24",18,"http://books.google.com/books?id=D14mAQAAIAAJ&pg=PA406","Maine 6 pct","Maine","114 @ 115",114,115,0,,"maine"
"1863-11-25",18,"http://books.google.com/books?id=D14mAQAAIAAJ&pg=PA500","Maine 6 pct","Maine","114 @ 115",114,115,0,,"maine"
"1864-06-22",19,"http://books.google.com/books?id=lGAmAQAAIAAJ&pg=PA77","Maine 6 pct","Maine","103 @ 105",103,105,0,,"maine"
"1863-09-21",18,"http://books.google.com/books?id=D14mAQAAIAAJ&pg=PA325","Maine 6 per cents","Maine","114 @ 115",114,115,0,,"maine"
"1864-12-28",19,"http://books.google.com/books?id=lGAmAQAAIAAJ&pg=PA589","Maine 6 per cents","Maine","100 @ 101",100,101,0,,"maine"
"1865-02-21",19,"http://books.google.com/books?id=lGAmAQAAIAAJ&pg=PA766","Maine 6 per cents","Maine","99 @ 100",99,100,0,,"maine"
"1865-05-24",19,"http://books.google.com/books?id=lGAmAQAAIAAJ&pg=PA1016","Maine 6 per cents","Maine","91 @ 94",91,94,0,,"maine"
"1865-06-28",20,"http://books.google.com/books?id=1HY9AAAAYAAJ&pg=PA93","Maine 6 per cents","Maine","93 @ 94",93,94,0,,"maine"
"1865-07-25",20,"http://books.google.com/books?id=1HY9AAAAYAAJ&pg=PA189","Maine 6 per cents","Maine","93 @ 94",93,94,0,,"maine"
"1865-12-23",20,"http://books.google.com/books?id=1HY9AAAAYAAJ&pg=PA591","Maine 6 per cents","Maine","96 @ 98",96,98,0,,"maine"
"1864-08-20",19,"http://books.google.com/books?id=lGAmAQAAIAAJ&pg=PA237","Maine War Loan (6 per cent)","Maine","100.5 @ 100",100.5,100,0,,"maine"
"1864-12-28",19,"http://books.google.com/books?id=lGAmAQAAIAAJ&pg=PA589","Maine War Loan (6 per cent)","Maine","98.25 @ 100",98.25,100,0,,"maine"
"1860-08-25",15,"http://books.google.com/books?id=KVwmAQAAIAAJ&pg=PA253","Maryland","Maryland","103 @ 106",103,106,0,,
"1863-08-20",18,"http://books.google.com/books?id=D14mAQAAIAAJ&pg=PA246","Maryland","Maryland","113 @ 115",113,115,0,,
"1863-09-21",18,"http://books.google.com/books?id=D14mAQAAIAAJ&pg=PA325","Maryland","Maryland","113 @ 114",113,114,0,,
"1863-10-24",18,"http://books.google.com/books?id=D14mAQAAIAAJ&pg=PA406","Maryland","Maryland","110 @ 112",110,112,0,,
"1864-09-20",19,"http://books.google.com/books?id=lGAmAQAAIAAJ&pg=PA317","Maryland","Maryland","112 @ 116",112,116,0,,
"1864-12-28",19,"http://books.google.com/books?id=lGAmAQAAIAAJ&pg=PA589","Maryland","Maryland","112 @ 115",112,115,0,,
"1865-02-21",19,"http://books.google.com/books?id=lGAmAQAAIAAJ&pg=PA766","Maryland","Maryland","112",112,112,0,,
"1860-07-25",15,"http://books.google.com/books?id=KVwmAQAAIAAJ&pg=PA165","Maryland ","Maryland","104.5 @ 106",104.5,106,0,,
"1861-05-24",15,"http://books.google.com/books?id=KVwmAQAAIAAJ&pg=PA946","Maryland ","Maryland","98 @ 100",98,100,0,,
"1863-09-21",18,"http://books.google.com/books?id=D14mAQAAIAAJ&pg=PA325","Maryland ","Maryland","113 @ 114",113,114,0,,
"1863-10-24",18,"http://books.google.com/books?id=D14mAQAAIAAJ&pg=PA406","Maryland ","Maryland","110 @ 112",110,112,0,,
"1860-04-24",14,"http://books.google.com/books?id=H1smAQAAIAAJ&lr&pg=PA917","Maryland  ","Maryland","104 @ 106",104,106,0,,
"1858-02-25",12,"http://books.google.com/books?id=g2QmAQAAIAAJ&pg=PA766","Maryland 6 per cents","Maryland","103.5 @ 104",103.5,104,0,,"maryland_6_1870"
"1859-06-25",14,"http://books.google.com/books?id=H1smAQAAIAAJ&lr&pg=PA77","Maryland Coupon 1870, 6 per cent","Maryland","104 @ 105",104,105,1,,"maryland_6_1870"
"1859-06-25",14,"http://books.google.com/books?id=H1smAQAAIAAJ&lr&pg=PA77","Maryland Coupon 1890, 5 per cent","Maryland","102",102,102,1,,"maryland_5_1890"
"1864-08-20",19,"http://books.google.com/books?id=lGAmAQAAIAAJ&pg=PA237","Maryland six per cents","Maryland","113 @ 115",113,115,0,,"maryland_6_1870"
"1857-09-28",12,"http://books.google.com/books?id=g2QmAQAAIAAJ&pg=PA335","Maryland sixes","Maryland","100",100,100,0,,"maryland_6_1870"
"1858-07-26",13,"http://books.google.com/books?id=HVomAQAAIAAJ&pg=PA159","Maryland sixes","Maryland","105.5 @ 106",105.5,106,0,,"maryland_6_1870"
"1858-10-26",13,"http://books.google.com/books?id=HVomAQAAIAAJ&pg=PA414","Maryland sixes","Maryland","105",105,105,0,,"maryland_6_1870"
"1858-11-24",13,"http://books.google.com/books?id=HVomAQAAIAAJ&pg=PA511","Maryland sixes","Maryland","108.5 @ 107",108.5,107,0,,"maryland_6_1870"
"1859-01-26",13,"http://books.google.com/books?id=HVomAQAAIAAJ&pg=PA670","Maryland sixes","Maryland","104 @ 105.5",104,105.5,0,,"maryland_6_1870"
"1859-02-24",13,"http://books.google.com/books?id=HVomAQAAIAAJ&pg=PA750","Maryland sixes","Maryland","103.5 @ 106",103.5,106,0,,"maryland_6_1870"
"1859-11-26",14,"http://books.google.com/books?id=H1smAQAAIAAJ&lr&pg=PA494","Maryland sixes","Maryland","104.5 @ 105",104.5,105,0,,"maryland_6_1870"
"1859-12-27",14,"http://books.google.com/books?id=H1smAQAAIAAJ&lr&pg=PA574","Maryland sixes","Maryland","103 @ 105",103,105,0,,"maryland_6_1870"
"1860-06-25",15,"http://books.google.com/books?id=KVwmAQAAIAAJ&pg=PA77","Maryland sixes","Maryland","104.5 @ 105",104.5,105,0,,"maryland_6_1870"
"1861-02-22",15,"http://books.google.com/books?id=KVwmAQAAIAAJ&pg=PA756","Maryland sixes","Maryland","100 @ 101",100,101,0,,"maryland_6_1870"
"1863-11-25",18,"http://books.google.com/books?id=D14mAQAAIAAJ&pg=PA500","Maryland sixes","Maryland","112 @ 113",112,113,0,,"maryland_6_1870"
"1863-11-25",18,"http://books.google.com/books?id=D14mAQAAIAAJ&pg=PA500","Maryland sixes","Maryland","112 @ 113",112,113,0,,"maryland_6_1870"
"1864-06-22",19,"http://books.google.com/books?id=lGAmAQAAIAAJ&pg=PA77","Maryland sixes","Maryland","112 @ 113",112,113,0,,"maryland_6_1870"
"1860-05-25",14,"http://books.google.com/books?id=H1smAQAAIAAJ&lr&pg=PA971","Maryland state bonds, 6 per cent","Maryland","104.5 @ 106",104.5,106,0,,"maryland_6_1870"
"1858-04-25",12,"http://books.google.com/books?id=g2QmAQAAIAAJ&pg=PA927","Maryland state loans of 6 per cent","Maryland","103 @ 103.5",103,103.5,0,,"maryland_6_1870"
"1863-10-24",18,"http://books.google.com/books?id=D14mAQAAIAAJ&pg=PA406","Massachusetts","Massachusetts","134 @ 135",134,135,0,,"massachusetts_5"
"1863-11-25",18,"http://books.google.com/books?id=D14mAQAAIAAJ&pg=PA500","Massachusetts","Massachusetts","134 @ 135",134,135,0,,"massachusetts_5"
"1864-12-28",19,"http://books.google.com/books?id=lGAmAQAAIAAJ&pg=PA589","Massachusetts","Massachusetts","125 @ 130",125,130,0,,"massachusetts_5"
"1865-02-21",19,"http://books.google.com/books?id=lGAmAQAAIAAJ&pg=PA766","Massachusetts","Massachusetts","120 @ 125",120,125,0,,"massachusetts_5"
"1865-05-24",19,"http://books.google.com/books?id=lGAmAQAAIAAJ&pg=PA1016","Massachusetts","Massachusetts","95 @ 100",95,100,0,,"massachusetts_5"
"1865-11-25",20,"http://books.google.com/books?id=1HY9AAAAYAAJ&pg=PA509","Massachusetts","Massachusetts","107 @ 108",107,108,0,,"massachusetts_5"
"1863-09-21",18,"http://books.google.com/books?id=D14mAQAAIAAJ&pg=PA325","Massachusetts  ","Massachusetts","134 @ 135",134,135,0,,"massachusetts_5"
"1865-02-21",19,"http://books.google.com/books?id=lGAmAQAAIAAJ&pg=PA766","Massachusetts 1861-1862 issues","Massachusetts","130 @ 132",130,132,0,,"massachusetts_6_18(6[8-9]|7[0-6])"
"1864-08-20",19,"http://books.google.com/books?id=lGAmAQAAIAAJ&pg=PA237","Massachusetts 5 per cents","Massachusetts","116 @ 118",116,118,0,,"massachusetts_5"
"1864-09-20",19,"http://books.google.com/books?id=lGAmAQAAIAAJ&pg=PA317","Massachusetts 5 per cents","Massachusetts","115 @ 120",115,120,0,,"massachusetts_5"
"1864-09-20",19,"http://books.google.com/books?id=lGAmAQAAIAAJ&pg=PA317","Massachusetts 6 per cents","Massachusetts","128 @ 130",128,130,0,,"massachusetts_6_18(6[8-9]|7[0-6])"
"1860-02-25",14,"http://books.google.com/books?id=H1smAQAAIAAJ&lr&pg=PA749","Massachusetts fives","Massachusetts","100",100,100,0,,"massachusetts_5"
"1860-08-25",15,"http://books.google.com/books?id=KVwmAQAAIAAJ&pg=PA253","Massachusetts fives","Massachusetts","100",100,100,0,,"massachusetts_5"
"1861-02-22",15,"http://books.google.com/books?id=KVwmAQAAIAAJ&pg=PA756","Massachusetts fives","Massachusetts","96 @ 98",96,98,0,,"massachusetts_5"
"1863-08-20",18,"http://books.google.com/books?id=D14mAQAAIAAJ&pg=PA246","Massachusetts fives","Massachusetts","134 @ 135",134,135,0,,"massachusetts_5"
"1863-09-21",18,"http://books.google.com/books?id=D14mAQAAIAAJ&pg=PA325","Massachusetts fives","Massachusetts","134 @ 135",134,135,0,,"massachusetts_5"
"1863-10-24",18,"http://books.google.com/books?id=D14mAQAAIAAJ&pg=PA406","Massachusetts fives","Massachusetts","134 @ 135",134,135,0,,"massachusetts_5"
"1863-11-25",18,"http://books.google.com/books?id=D14mAQAAIAAJ&pg=PA500","Massachusetts fives","Massachusetts","134 @ 135",134,135,0,,"massachusetts_5"
"1865-07-25",20,"http://books.google.com/books?id=1HY9AAAAYAAJ&pg=PA189","Massachusetts guarantee of Troy and Greenfield Railroad Bonds","Massachusetts","109.5",109.5,109.5,0,,
"1864-08-20",19,"http://books.google.com/books?id=lGAmAQAAIAAJ&pg=PA237","Massachusetts Union Loan 5 per cents","Massachusetts","134 @ 135",134,135,0,,
"1859-12-27",14,"http://books.google.com/books?id=H1smAQAAIAAJ&lr&pg=PA574","Michigan","Michigan","104 @ 108",104,108,0,,
"1860-05-25",14,"http://books.google.com/books?id=H1smAQAAIAAJ&lr&pg=PA971","Michigan","Michigan","101 @ 104",101,104,0,,
"1860-08-25",15,"http://books.google.com/books?id=KVwmAQAAIAAJ&pg=PA253","Michigan","Michigan","104 @ 106",104,106,0,,
"1863-09-21",18,"http://books.google.com/books?id=D14mAQAAIAAJ&pg=PA325","Michigan","Michigan","107 @ 108",107,108,0,,
"1863-10-24",18,"http://books.google.com/books?id=D14mAQAAIAAJ&pg=PA406","Michigan","Michigan","104 @ 108",104,108,0,,
"1863-11-25",18,"http://books.google.com/books?id=D14mAQAAIAAJ&pg=PA500","Michigan","Michigan","107 @ 108",107,108,0,,
"1864-09-20",19,"http://books.google.com/books?id=lGAmAQAAIAAJ&pg=PA317","Michigan","Michigan","100",100,100,0,,
"1865-02-21",19,"http://books.google.com/books?id=lGAmAQAAIAAJ&pg=PA766","Michigan","Michigan","106 @ 109",106,109,0,,
"1865-11-25",20,"http://books.google.com/books?id=1HY9AAAAYAAJ&pg=PA509","Michigan","Michigan","94",94,94,0,,
"1864-06-22",19,"http://books.google.com/books?id=lGAmAQAAIAAJ&pg=PA77","Michigan ","Michigan","104 @ 105",104,105,0,,
"1865-11-25",20,"http://books.google.com/books?id=1HY9AAAAYAAJ&pg=PA509","Michigan ","Michigan","95 @ 100",95,100,0,,
"1865-12-23",20,"http://books.google.com/books?id=1HY9AAAAYAAJ&pg=PA591","Michigan ","Michigan","95 @ 100",95,100,0,,
"1862-06-24",17,"http://books.google.com/books?id=tF0mAQAAIAAJ&pg=PA90","Michigan 6 per cent","Michigan","99.25 @ 99.5",99.25,99.5,0,,
"1864-08-20",19,"http://books.google.com/books?id=lGAmAQAAIAAJ&pg=PA237","Michigan 6 per cent","Michigan","100 @ 103",100,103,0,,
"1865-07-25",20,"http://books.google.com/books?id=1HY9AAAAYAAJ&pg=PA189","Michigan 6 per cent","Michigan","92 @ 93",92,93,0,,
"1862-05-25",16,"http://books.google.com/books?id=B10mAQAAIAAJ&pg=PA973","Michigan 6's","Michigan","96.5 @ 98",96.5,98,1,,
"1862-05-25",16,"http://books.google.com/books?id=B10mAQAAIAAJ&pg=PA973","Michigan 6's 1878","Michigan","98 @ 99",98,99,1,,
"1864-04-20",18,"http://books.google.com/books?id=D14mAQAAIAAJ&pg=PA925","Michigan 6's 1878","Michigan","100 @ 102",100,102,1,,
"1865-11-25",20,"http://books.google.com/books?id=1HY9AAAAYAAJ&pg=PA509","Michigan 6's 1878","Michigan","90 @ 95",90,95,1,,
"1864-12-28",19,"http://books.google.com/books?id=lGAmAQAAIAAJ&pg=PA589","Michigan 7 per cent","Michigan","102 @ 105",102,105,0,,
"1865-05-24",19,"http://books.google.com/books?id=lGAmAQAAIAAJ&pg=PA1016","Michigan 7 per cent","Michigan","97 @ 98",97,98,0,,
"1862-05-25",16,"http://books.google.com/books?id=B10mAQAAIAAJ&pg=PA973","Michigan 7 per cent War Loan","Michigan","104 @ 105",104,105,1,,
"1862-10-25",17,"http://books.google.com/books?id=tF0mAQAAIAAJ&pg=PA407","Michigan 7 per cent War Loan","Michigan","107 @ 108",107,108,0,,
"1863-06-20",18,"http://books.google.com/books?id=D14mAQAAIAAJ&pg=PA86","Michigan 7 per cent War Loan","Michigan","105 @ 107",105,107,0,,
"1863-08-20",18,"http://books.google.com/books?id=D14mAQAAIAAJ&pg=PA246","Michigan 7 per cent War Loan","Michigan","106@ 108",106,108,0,,
"1863-09-21",18,"http://books.google.com/books?id=D14mAQAAIAAJ&pg=PA325","Michigan 7 per cent War Loan","Michigan","107 @ 108",107,108,0,,
"1863-10-24",18,"http://books.google.com/books?id=D14mAQAAIAAJ&pg=PA406","Michigan 7 per cent War Loan","Michigan","104 @ 108",104,108,0,,
"1863-11-25",18,"http://books.google.com/books?id=D14mAQAAIAAJ&pg=PA500","Michigan 7 per cent War Loan","Michigan","107 @ 108",107,108,0,,
"1864-04-20",18,"http://books.google.com/books?id=D14mAQAAIAAJ&pg=PA925","Michigan 7 per cent War Loan","Michigan","103",103,103,1,,
"1865-07-25",20,"http://books.google.com/books?id=1HY9AAAAYAAJ&pg=PA189","Michigan 7 per cent war loan","Michigan","97 @ 100",97,100,0,,
"1859-06-25",14,"http://books.google.com/books?id=H1smAQAAIAAJ&lr&pg=PA77","Michigan coupon 6 per cent 1878","Michigan","103",103,103,1,,
"1859-01-26",13,"http://books.google.com/books?id=HVomAQAAIAAJ&pg=PA670","Michigan six per cent","Michigan","106 @ 107",106,107,0,,
"1859-03-26",13,"http://books.google.com/books?id=HVomAQAAIAAJ&pg=PA830","Michigan six per cent","Michigan","102",102,102,0,,
"1859-02-24",13,"http://books.google.com/books?id=HVomAQAAIAAJ&pg=PA750","Michigan sixes","Michigan","101 @ 103",101,103,0,,
"1860-04-24",14,"http://books.google.com/books?id=H1smAQAAIAAJ&lr&pg=PA917","Michigan sixes","Michigan","101 @ 104",101,104,0,,
"1861-05-24",15,"http://books.google.com/books?id=KVwmAQAAIAAJ&pg=PA946","Michigan sixes","Michigan","90 @ 95",90,95,0,,
"1861-09-24",16,"http://books.google.com/books?id=B10mAQAAIAAJ&pg=PA317","Michigan sixes","Michigan","81.5 @ 82",81.5,82,0,,
"1864-12-28",19,"http://books.google.com/books?id=lGAmAQAAIAAJ&pg=PA589","Michigan sixes","Michigan","100 @ 104",100,104,0,,
"1864-03-26",18,"http://books.google.com/books?id=D14mAQAAIAAJ&pg=PA846","Michigan War Loan","Michigan","100 @ 102",100,102,0,,
"1865-05-24",19,"http://books.google.com/books?id=lGAmAQAAIAAJ&pg=PA1016","Minnesota","Minnesota","100 @ 101",100,101,0,,"minnesota_8"
"1865-07-25",20,"http://books.google.com/books?id=1HY9AAAAYAAJ&pg=PA189","Minnesota","Minnesota","100 @ 101",100,101,0,,"minnesota_8"
"1865-02-21",19,"http://books.google.com/books?id=lGAmAQAAIAAJ&pg=PA766","Minnesota 7 per cent","Minnesota","105",105,105,0,,
"1859-01-26",13,"http://books.google.com/books?id=HVomAQAAIAAJ&pg=PA670","Minnesota 8 per cent","Minnesota","101 @ 102",101,102,0,,"minnesota_8"
"1862-05-25",16,"http://books.google.com/books?id=B10mAQAAIAAJ&pg=PA973","Minnesota 8 per cent","Minnesota","95 @ 98",95,98,1,,"minnesota_8"
"1863-04-25",17,"http://books.google.com/books?id=tF0mAQAAIAAJ&pg=PA916","Minnesota 8 per cent","Minnesota","104 @ 106",104,106,1,,"minnesota_8"
"1863-06-20",18,"http://books.google.com/books?id=D14mAQAAIAAJ&pg=PA86","Minnesota 8 per cent","Minnesota","108",108,108,0,,"minnesota_8"
"1863-10-24",18,"http://books.google.com/books?id=D14mAQAAIAAJ&pg=PA406","Minnesota 8 per cent","Minnesota","105",105,105,0,,"minnesota_8"
"1863-10-24",18,"http://books.google.com/books?id=D14mAQAAIAAJ&pg=PA406","Minnesota 8 per cent","Minnesota","105",105,105,0,,"minnesota_8"
"1864-03-26",18,"http://books.google.com/books?id=D14mAQAAIAAJ&pg=PA846","Minnesota 8 per cent","Minnesota","103 @ 105",103,105,0,,"minnesota_8"
"1865-11-25",20,"http://books.google.com/books?id=1HY9AAAAYAAJ&pg=PA509","Minnesota 8 per cent","Minnesota","95 @ 100",95,100,0,,"minnesota_8"
"1865-12-23",20,"http://books.google.com/books?id=1HY9AAAAYAAJ&pg=PA591","Minnesota 8 per cent","Minnesota","99 @ 100",99,100,0,,"minnesota_8"
"1859-06-25",14,"http://books.google.com/books?id=H1smAQAAIAAJ&lr&pg=PA77","Minnesota coupon 8 per cent","Minnesota","107",107,107,1,,"minnesota_8"
"1859-03-26",13,"http://books.google.com/books?id=HVomAQAAIAAJ&pg=PA830","Minnesota coupon bonds","Minnesota","104 @ 106",104,106,0,,"minnesota_8"
"1863-09-21",18,"http://books.google.com/books?id=D14mAQAAIAAJ&pg=PA325","Missouri","Missouri","70 @ 71",70,71,0,,
"1864-12-28",19,"http://books.google.com/books?id=lGAmAQAAIAAJ&pg=PA589","Missouri","Missouri","64 @ 66",64,66,0,,
"1865-12-23",20,"http://books.google.com/books?id=1HY9AAAAYAAJ&pg=PA591","Missouri","Missouri","76 @ 80",76,80,0,,
"1855-06-28",10,"http://books.google.com/books?id=I1gmAQAAIAAJ&pg=PA78","Missouri  ","Missouri","98",98,98,0,,
"1856-02-23",10,"http://books.google.com/books?id=I1gmAQAAIAAJ&pg=PA750","Missouri 6 pct","Missouri","87 @ 87.5",87,87.5,0,,
"1856-09-23",11,"http://books.google.com/books?id=MlkmAQAAIAAJ&pg=PA316","Missouri 6 pct","Missouri","89 @ 90",89,90,0,,
"1857-04-24",11,"http://books.google.com/books?id=MlkmAQAAIAAJ&pg=PA911","Missouri 6 pct","Missouri","83.75 @ 84.5",83.75,84.5,0,,
"1858-10-26",13,"http://books.google.com/books?id=HVomAQAAIAAJ&pg=PA414","Missouri 6 pct","Missouri","85 @ 90",85,90,0,,
"1858-11-24",13,"http://books.google.com/books?id=HVomAQAAIAAJ&pg=PA511","Missouri 6 pct","Missouri","89.5 @ 90",89.5,90,0,,
"1859-02-24",13,"http://books.google.com/books?id=HVomAQAAIAAJ&pg=PA750","Missouri 6 pct","Missouri","84 @ 84.75",84,84.75,0,,
"1859-03-26",13,"http://books.google.com/books?id=HVomAQAAIAAJ&pg=PA830","Missouri 6 pct","Missouri","86",86,86,0,,
"1859-04-23",13,"http://books.google.com/books?id=HVomAQAAIAAJ&pg=PA910","Missouri 6 pct","Missouri","86.75 @ 88.5",86.75,88.5,0,,
"1859-05-28",13,"http://books.google.com/books?id=HVomAQAAIAAJ&pg=PA1007","Missouri 6 pct","Missouri","83 @ 83.5",83,83.5,0,,
"1859-10-26",14,"http://books.google.com/books?id=H1smAQAAIAAJ&lr&pg=PA413","Missouri 6 pct","Missouri","84.875 @ 85",84.875,85,0,,
"1860-07-25",15,"http://books.google.com/books?id=KVwmAQAAIAAJ&pg=PA165","Missouri 6 pct","Missouri","84.125 @ 94.875",84.125,94.875,0,,
"1860-09-26",15,"http://books.google.com/books?id=KVwmAQAAIAAJ&pg=PA333","Missouri 6 pct","Missouri","80 @ 81.875",80,81.875,0,,
"1861-05-24",15,"http://books.google.com/books?id=KVwmAQAAIAAJ&pg=PA946","Missouri 6 pct","Missouri","35 @ 41.5",35,41.5,0,,
"1861-12-28",16,"http://books.google.com/books?id=B10mAQAAIAAJ&pg=PA558","Missouri 6 pct","Missouri","36 @ 42.25",36,42.25,0,,
"1862-01-24",16,"http://books.google.com/books?id=B10mAQAAIAAJ&pg=PA653","Missouri 6 pct","Missouri","40 @ 42.875",40,42.875,0,,
"1863-09-21",18,"http://books.google.com/books?id=D14mAQAAIAAJ&pg=PA325","Missouri 6 pct","Missouri","70 @ 71",70,71,0,,
"1864-06-22",19,"http://books.google.com/books?id=lGAmAQAAIAAJ&pg=PA77","Missouri 6 pct","Missouri","70 @ 71",70,71,0,,
"1865-11-25",20,"http://books.google.com/books?id=1HY9AAAAYAAJ&pg=PA509","Missouri 6 per cent","Missouri","77 @ 80",77,80,0,,
"1865-11-25",20,"http://books.google.com/books?id=1HY9AAAAYAAJ&pg=PA509","Missouri H & S.J.","Missouri","75 @ 79",75,79,0,,
"1863-04-25",17,"http://books.google.com/books?id=tF0mAQAAIAAJ&pg=PA916","Missouri Hannibal & St. Joseph","Missouri","86 @ 87",86,87,1,,
"1865-11-25",20,"http://books.google.com/books?id=1HY9AAAAYAAJ&pg=PA509","Missouri Pacific","Missouri","77",77,77,0,,
"1864-09-20",19,"http://books.google.com/books?id=lGAmAQAAIAAJ&pg=PA317","New Hampshire","New Hampshire","98 @ 100",98,100,0,,"new_hampshire"
"1864-12-28",19,"http://books.google.com/books?id=lGAmAQAAIAAJ&pg=PA589","New Hampshire","New Hampshire","98 @ 99",98,99,0,,"new_hampshire"
"1865-02-21",19,"http://books.google.com/books?id=lGAmAQAAIAAJ&pg=PA766","New Hampshire","New Hampshire","95 @ 96",95,96,0,,"new_hampshire"
"1865-05-24",19,"http://books.google.com/books?id=lGAmAQAAIAAJ&pg=PA1016","New Hampshire","New Hampshire","93 @ 94",93,94,0,,"new_hampshire"
"1865-06-28",20,"http://books.google.com/books?id=1HY9AAAAYAAJ&pg=PA93","New Hampshire","New Hampshire","93 @ 95",93,95,0,,"new_hampshire"
"1865-07-25",20,"http://books.google.com/books?id=1HY9AAAAYAAJ&pg=PA189","New Hampshire","New Hampshire","93 @ 94",93,94,0,,"new_hampshire"
"1865-11-25",20,"http://books.google.com/books?id=1HY9AAAAYAAJ&pg=PA509","New Hampshire","New Hampshire","94 @ 96",94,96,0,,"new_hampshire"
"1865-12-23",20,"http://books.google.com/books?id=1HY9AAAAYAAJ&pg=PA591","New Hampshire","New Hampshire","90 @ 92",90,92,0,,"new_hampshire"
"1863-10-24",18,"http://books.google.com/books?id=D14mAQAAIAAJ&pg=PA406","New Jersey","New Jersey","104 @ 110",104,110,0,,"new_jersey"
"1863-11-25",18,"http://books.google.com/books?id=D14mAQAAIAAJ&pg=PA500","New Jersey","New Jersey","110 @ 112",110,112,0,,"new_jersey"
"1865-11-25",20,"http://books.google.com/books?id=1HY9AAAAYAAJ&pg=PA509","New Jersey","New Jersey","98 @ 100",98,100,0,,"new_jersey"
"1865-12-23",20,"http://books.google.com/books?id=1HY9AAAAYAAJ&pg=PA591","New Jersey","New Jersey","98 @ 100",98,100,0,,"new_jersey"
"1863-08-20",18,"http://books.google.com/books?id=D14mAQAAIAAJ&pg=PA246","New Jersey 6 pct ","New Jersey","104.5 @ 105.5",104.5,105.5,0,,"new_jersey"
"1863-10-24",18,"http://books.google.com/books?id=D14mAQAAIAAJ&pg=PA406","New Jersey 6 pct ","New Jersey","104 @ 110",104,110,0,,"new_jersey"
"1863-11-25",18,"http://books.google.com/books?id=D14mAQAAIAAJ&pg=PA500","New Jersey 6 pct ","New Jersey","110 @ 112",110,112,0,,"new_jersey"
"1864-06-22",19,"http://books.google.com/books?id=lGAmAQAAIAAJ&pg=PA77","New Jersey 6 pct ","New Jersey","110 @ 118",110,118,0,,"new_jersey"
"1858-01-25",12,"http://books.google.com/books?id=g2QmAQAAIAAJ&pg=PA686","New York","New York","111 @ 112",111,112,0,,"new_york_6_187[2-5]"
"1865-12-23",20,"http://books.google.com/books?id=1HY9AAAAYAAJ&pg=PA591","New York","New York","98 @ 99",98,99,0,,"new_york_six_187[2-57]"
"1859-06-25",14,"http://books.google.com/books?id=H1smAQAAIAAJ&lr&pg=PA77","New York 5 1/2 per cent 1860-1861","New York","101",101,101,1,,"new_york_5.5_186[01]"
"1859-06-25",14,"http://books.google.com/books?id=H1smAQAAIAAJ&lr&pg=PA77","New York 5 per cent 1866","New York","103",103,103,1,,"new_york_5_1866"
"1863-04-25",17,"http://books.google.com/books?id=tF0mAQAAIAAJ&pg=PA916","New York 5 per cent 1871","New York","107",107,107,1,,"new_york_5_1871"
"1859-06-25",14,"http://books.google.com/books?id=H1smAQAAIAAJ&lr&pg=PA77","New York 5 per cent 1874","New York","102",102,102,1,,"new_york_5_1874"
"1862-05-25",16,"http://books.google.com/books?id=B10mAQAAIAAJ&pg=PA973","New York 5 per cent 1874","New York","102",102,102,1,,"new_york_5_1874"
"1863-04-25",17,"http://books.google.com/books?id=tF0mAQAAIAAJ&pg=PA916","New York 5 per cent 1874","New York","107",107,107,1,,"new_york_5_1874"
"1864-04-20",18,"http://books.google.com/books?id=D14mAQAAIAAJ&pg=PA925","New York 5 per cent 1874","New York","104 @ 104",104,104,1,,"new_york_5_1874"
"1862-05-25",16,"http://books.google.com/books?id=B10mAQAAIAAJ&pg=PA973","New York 5 per cent 1875","New York","102",102,102,1,,"new_york_5_1875"
"1863-04-25",17,"http://books.google.com/books?id=tF0mAQAAIAAJ&pg=PA916","New York 5 per cent 1875","New York","107",107,107,1,,"new_york_5_1875"
"1864-04-20",18,"http://books.google.com/books?id=D14mAQAAIAAJ&pg=PA925","New York 5 per cent 1875","New York","106 @ 106.5",106,106.5,1,,"new_york_5_1875"
"1865-11-25",20,"http://books.google.com/books?id=1HY9AAAAYAAJ&pg=PA509","New York 6 per cent (1868)","New York","118",118,118,0,,"new_york_6_1868"
"1865-11-25",20,"http://books.google.com/books?id=1HY9AAAAYAAJ&pg=PA509","New York 6 per cent (1872)","New York","96 @ 97",96,97,0,,"new_york_6_1872"
"1865-11-25",20,"http://books.google.com/books?id=1HY9AAAAYAAJ&pg=PA509","New York 6 per cent (1874)","New York","97.5",97.5,97.5,0,,"new_york_6_1874"
"1865-11-25",20,"http://books.google.com/books?id=1HY9AAAAYAAJ&pg=PA509","New York 6 per cent (1874)","New York","90",90,90,0,,"new_york_6_1874"
"1865-11-25",20,"http://books.google.com/books?id=1HY9AAAAYAAJ&pg=PA509","New York 6 per cent (1875)","New York","96 @ 97",96,97,0,,"new_york_6_1875"
"1864-09-20",19,"http://books.google.com/books?id=lGAmAQAAIAAJ&pg=PA317","New York 6 per cent (1876)","New York","118 @ 120",118,120,0,,"new_york_6_1876"
"1865-11-25",20,"http://books.google.com/books?id=1HY9AAAAYAAJ&pg=PA509","New York 6 per cent (1877)","New York","97.5",97.5,97.5,0,,"new_york_6_1877"
"1865-11-25",20,"http://books.google.com/books?id=1HY9AAAAYAAJ&pg=PA509","New York 6 per cent (1878)","New York","96.25 @ 97.5",96.25,97.5,0,,"new_york_6_1878"
"1859-06-25",14,"http://books.google.com/books?id=H1smAQAAIAAJ&lr&pg=PA77","New York 6 per cent 1860-1862","New York","102 @ 102.5",102,102.5,1,,"new_york_6_186[0-2]"
"1862-05-25",16,"http://books.google.com/books?id=B10mAQAAIAAJ&pg=PA973","New York 6 per cent 1863","New York","102",102,102,1,,"new_york_6_1863"
"1862-05-25",16,"http://books.google.com/books?id=B10mAQAAIAAJ&pg=PA973","New York 6 per cent 1864","New York","105",105,105,1,,"new_york_6_1864"
"1859-06-25",14,"http://books.google.com/books?id=H1smAQAAIAAJ&lr&pg=PA77","New York 6 per cent 1864-1865","New York","104",104,104,1,,"new_york_6_186[4-5]"
"1862-05-25",16,"http://books.google.com/books?id=B10mAQAAIAAJ&pg=PA973","New York 6 per cent 1865","New York","108",108,108,1,,"new_york_6_1865"
"1863-04-25",17,"http://books.google.com/books?id=tF0mAQAAIAAJ&pg=PA916","New York 6 per cent 1865","New York","104",104,104,1,,"new_york_6_1865"
"1862-05-25",16,"http://books.google.com/books?id=B10mAQAAIAAJ&pg=PA973","New York 6 per cent 1866","New York","108.75",108.75,108.75,1,,"new_york_6_1866"
"1862-05-25",16,"http://books.google.com/books?id=B10mAQAAIAAJ&pg=PA973","New York 6 per cent 1867","New York","110",110,110,1,,"new_york_6_1867"
"1862-05-25",16,"http://books.google.com/books?id=B10mAQAAIAAJ&pg=PA973","New York 6 per cent 1868","New York","110",110,110,1,,"new_york_6_1868"
"1863-04-25",17,"http://books.google.com/books?id=tF0mAQAAIAAJ&pg=PA916","New York 6 per cent 1868","New York","118",118,118,1,,"new_york_6_1868"
"1864-04-20",18,"http://books.google.com/books?id=D14mAQAAIAAJ&pg=PA925","New York 6 per cent 1868","New York","105 @ 109",105,109,1,,"new_york_6_1868"
"1861-09-24",16,"http://books.google.com/books?id=B10mAQAAIAAJ&pg=PA317","New York 6 per cent 1872","New York","99 @ 100",99,100,0,,"new_york_6_1872"
"1861-11-25",16,"http://books.google.com/books?id=B10mAQAAIAAJ&pg=PA477","New York 6 per cent 1872","New York","99 @ 100 ",99,100,0,,"new_york_6_1872"
"1862-05-25",16,"http://books.google.com/books?id=B10mAQAAIAAJ&pg=PA973","New York 6 per cent 1872","New York","114",114,114,1,,"new_york_6_1872"
"1864-04-20",18,"http://books.google.com/books?id=D14mAQAAIAAJ&pg=PA925","New York 6 per cent 1872","New York","108 @ 109",108,109,1,,"new_york_6_1872"
"1858-04-25",12,"http://books.google.com/books?id=g2QmAQAAIAAJ&pg=PA927","New York 6 per cent 1872-1875","New York","112 @ 115",112,115,0,,"new_york_6_187[2-5]"
"1859-01-26",13,"http://books.google.com/books?id=HVomAQAAIAAJ&pg=PA670","New York 6 per cent 1872-1875","New York","114 @ 115",114,115,0,,"new_york_6_187[2-5]"
"1859-06-25",14,"http://books.google.com/books?id=H1smAQAAIAAJ&lr&pg=PA77","New York 6 per cent 1872-1875","New York","111.5 @ 112.5",111.5,112.5,1,,"new_york_6_187[2-5]"
"1862-05-25",16,"http://books.google.com/books?id=B10mAQAAIAAJ&pg=PA973","New York 6 per cent 1873","New York","112 @ 115.5",112,115.5,1,,"new_york_6_1873"
"1863-04-25",17,"http://books.google.com/books?id=tF0mAQAAIAAJ&pg=PA916","New York 6 per cent 1873","New York","118.25 @ 118",118.25,118,1,,"new_york_6_1873"
"1864-04-20",18,"http://books.google.com/books?id=D14mAQAAIAAJ&pg=PA925","New York 6 per cent 1873","New York","108 @ 110",108,110,1,,"new_york_6_1873"
"1862-05-25",16,"http://books.google.com/books?id=B10mAQAAIAAJ&pg=PA973","New York 6 per cent 1874","New York","112 @ 115.5",112,115.5,1,,"new_york_6_1874"
"1863-04-25",17,"http://books.google.com/books?id=tF0mAQAAIAAJ&pg=PA916","New York 6 per cent 1874","New York","118.25",118.25,118.25,1,,"new_york_6_1874"
"1864-04-20",18,"http://books.google.com/books?id=D14mAQAAIAAJ&pg=PA925","New York 6 per cent 1874","New York","114 @ 116",114,116,1,,"new_york_6_1874"
"1858-11-24",13,"http://books.google.com/books?id=HVomAQAAIAAJ&pg=PA511","New York 6 per cent 1875","New York","114 @ 116",114,116,0,,"new_york_6_1875"
"1859-02-24",13,"http://books.google.com/books?id=HVomAQAAIAAJ&pg=PA750","New York 6 per cent 1875","New York","113 @ 114.5",113,114.5,0,,"new_york_6_1875"
"1861-02-22",15,"http://books.google.com/books?id=KVwmAQAAIAAJ&pg=PA756","New York 6 per cent 1875","New York","104 @ 106",104,106,0,,"new_york_6_1875"
"1863-04-25",17,"http://books.google.com/books?id=tF0mAQAAIAAJ&pg=PA916","New York 6 per cent 1875","New York","118.25",118.25,118.25,1,,"new_york_6_1875"
"1864-04-20",18,"http://books.google.com/books?id=D14mAQAAIAAJ&pg=PA925","New York 6 per cent 1875","New York","114 @ 116",114,116,1,,"new_york_6_1875"
"1860-05-25",14,"http://books.google.com/books?id=H1smAQAAIAAJ&lr&pg=PA971","New York 6 per cent 1875-77","New York","111 @ 112",111,112,0,,"new_york_6_187[5-7]"
"1860-02-25",14,"http://books.google.com/books?id=H1smAQAAIAAJ&lr&pg=PA749","New York 6 per cent 1876-77","New York","108.5 @ 111",108.5,111,0,,"new_york_6_187[6-7]"
"1860-04-24",14,"http://books.google.com/books?id=H1smAQAAIAAJ&lr&pg=PA917","New York 6 per cent 1877","New York","110 @ 112",110,112,0,,"new_york_6_1877"
"1864-04-20",18,"http://books.google.com/books?id=D14mAQAAIAAJ&pg=PA925","New York 6 per cent 1877","New York","115 @ 116",115,116,1,,"new_york_6_1877"
"1864-09-20",19,"http://books.google.com/books?id=lGAmAQAAIAAJ&pg=PA317","New York 7 per cent (1864-70)","New York","114 @ 116",114,116,0,,"new_york_7_18(6[4-9]|70)"
"1862-05-25",16,"http://books.google.com/books?id=B10mAQAAIAAJ&pg=PA973","New York 7 per cent 1864","New York","107",107,107,1,,"new_york_7_1864"
"1863-04-25",17,"http://books.google.com/books?id=tF0mAQAAIAAJ&pg=PA916","New York 7 per cent 1864","New York","113",113,113,1,,"new_york_7_1864"
"1862-05-25",16,"http://books.google.com/books?id=B10mAQAAIAAJ&pg=PA973","New York 7 per cent 1870","New York","116.5 @ 120",116.5,120,1,,"new_york_7_1870"
"1863-04-25",17,"http://books.google.com/books?id=tF0mAQAAIAAJ&pg=PA916","New York 7 per cent 1870","New York","125",125,125,1,,"new_york_7_1870"
"1864-04-20",18,"http://books.google.com/books?id=D14mAQAAIAAJ&pg=PA925","New York 7 per cent 1870","New York","112 @ 114",112,114,1,,"new_york_7_1870"
"1865-11-25",20,"http://books.google.com/books?id=1HY9AAAAYAAJ&pg=PA509","New York 7 per cent 1870","New York","101.5",101.5,101.5,0,,"new_york_7_1870"
"1865-11-25",20,"http://books.google.com/books?id=1HY9AAAAYAAJ&pg=PA509","New York 7 per cent Bounty","New York","99.75 @ 99.875",99.75,99.875,0,,
"1863-08-20",18,"http://books.google.com/books?id=D14mAQAAIAAJ&pg=PA246","New York loans, six per cent","New York","117 @ 118",117,118,0,,"new_york_six_187[2-57]"
"1863-09-21",18,"http://books.google.com/books?id=D14mAQAAIAAJ&pg=PA325","New York long loans","New York","115 @ 116",115,116,0,"Longest class of sixes in the next table","new_york_six_187[2-57]"
"1863-09-21",18,"http://books.google.com/books?id=D14mAQAAIAAJ&pg=PA325","New York long loans","New York","115 @ 116",115,116,0,"Longest class of sixes in the next table","new_york_six_187[2-57]"
"1858-04-25",12,"http://books.google.com/books?id=g2QmAQAAIAAJ&pg=PA927","New York shorter loans","New York","101 @ 110",101,110,0,"Shortest sixes mentioned in the next table; prices approx the same.","new_york_6_18[0-24-5]"
"1858-06-26",13,"http://books.google.com/books?id=HVomAQAAIAAJ&pg=PA78","New York Sixes","New York","113 @ 115",113,115,0,,"new_york_6_187[2-5]"
"1860-08-25",15,"http://books.google.com/books?id=KVwmAQAAIAAJ&pg=PA253","New York State six per cents, of 1877","New York","112 @ 116",112,116,0,,"new_york_6_1877"
"1857-09-28",12,"http://books.google.com/books?id=g2QmAQAAIAAJ&pg=PA335","New York State Sixes","New York","110 @ 112",110,112,0,,"new_york_6_187[2-5]"
"1859-11-26",14,"http://books.google.com/books?id=H1smAQAAIAAJ&lr&pg=PA494","New York State, long sixes","New York","110.5 @ 112",110.5,112,0,"Longest class of sixes in the last table.","new_york_6_187[2-5]"
"1864-12-28",19,"http://books.google.com/books?id=lGAmAQAAIAAJ&pg=PA589","New York, long bonds","New York","118 @ 120",118,120,0,,"new_york_six_187[2-57]"
"1864-04-20",18,"http://books.google.com/books?id=D14mAQAAIAAJ&pg=PA925","New York City 5's 1876","New York City","107 @ 107",107,107,1,,"nyc_1876"
"1865-12-23",20,"http://books.google.com/books?id=1HY9AAAAYAAJ&pg=PA591","New York City 5's 1876","New York City","100",100,100,1,,"nyc_1876"
"1864-04-20",18,"http://books.google.com/books?id=D14mAQAAIAAJ&pg=PA925","New York City 5's 1890","New York City","107",107,107,1,,"nyc_1890"
"1864-04-20",18,"http://books.google.com/books?id=D14mAQAAIAAJ&pg=PA925","New York City 5's 1898","New York City","99 @ 105",99,105,1,,"nyc_1898"
"1863-04-25",17,"http://books.google.com/books?id=tF0mAQAAIAAJ&pg=PA916","New York City 6's 1876","New York City","115 @ 120",115,120,1,,"nyc_1876"
"1863-04-25",17,"http://books.google.com/books?id=tF0mAQAAIAAJ&pg=PA916","New York City 6's 1878","New York City","118 @ 120",118,120,1,,"nyc_1878"
"1864-04-20",18,"http://books.google.com/books?id=D14mAQAAIAAJ&pg=PA925","New York City 6's 1878","New York City","107.25 @ 110",107.25,110,1,,"nyc_1878"
"1865-12-23",20,"http://books.google.com/books?id=1HY9AAAAYAAJ&pg=PA591","New York City 6's 1878","New York City","95 @ 97",95,97,1,,"nyc_1878"
"1863-04-25",17,"http://books.google.com/books?id=tF0mAQAAIAAJ&pg=PA916","New York City 6's 1887","New York City","118 @ 120",118,120,1,,"nyc_1887"
"1864-04-20",18,"http://books.google.com/books?id=D14mAQAAIAAJ&pg=PA925","New York City 6's 1887","New York City","110 @ 112",110,112,1,,"nyc_1887"
"1865-12-23",20,"http://books.google.com/books?id=1HY9AAAAYAAJ&pg=PA591","New York City 6's 1887","New York City","90 @ 97",90,97,1,,"nyc_1887"
"1858-10-26",13,"http://books.google.com/books?id=HVomAQAAIAAJ&pg=PA414","North Carolina 6 per cent","North Carolina","97 @ 98",97,98,0,,"north_carolina_6"
"1859-04-23",13,"http://books.google.com/books?id=HVomAQAAIAAJ&pg=PA910","North Carolina 6 per cent","North Carolina","99 @ 101.25",99,101.25,0,,"north_carolina_6"
"1860-03-24",14,"http://books.google.com/books?id=H1smAQAAIAAJ&lr&pg=PA829","North Carolina 6 per cent","North Carolina","96 @ 98",96,98,0,,"north_carolina_6"
"1860-07-25",15,"http://books.google.com/books?id=KVwmAQAAIAAJ&pg=PA165","North Carolina 6 per cent","North Carolina","97.5 @ 99.5",97.5,99.5,0,,"north_carolina_6"
"1860-09-26",15,"http://books.google.com/books?id=KVwmAQAAIAAJ&pg=PA333","North Carolina 6 per cent","North Carolina","98.25 @ 100",98.25,100,0,,"north_carolina_6"
"1861-05-24",15,"http://books.google.com/books?id=KVwmAQAAIAAJ&pg=PA946","North Carolina 6 per cent","North Carolina","53 @ 62",53,62,0,,"north_carolina_6"
"1861-10-24",16,"http://books.google.com/books?id=B10mAQAAIAAJ&pg=PA397","North Carolina 6 per cent","North Carolina","59 @ 60.375",59,60.375,0,,"north_carolina_6"
"1862-01-24",16,"http://books.google.com/books?id=B10mAQAAIAAJ&pg=PA653","North Carolina 6 per cent","North Carolina","60 @ 61",60,61,0,,"north_carolina_6"
"1862-03-24",16,"http://books.google.com/books?id=B10mAQAAIAAJ&pg=PA830","North Carolina 6 per cent","North Carolina","68 @ 70",68,70,0,,"north_carolina_6"
"1862-06-24",17,"http://books.google.com/books?id=tF0mAQAAIAAJ&pg=PA90","North Carolina 6 per cent","North Carolina","72",72,72,0,,"north_carolina_6"
"1863-09-21",18,"http://books.google.com/books?id=D14mAQAAIAAJ&pg=PA325","North Carolina 6 per cent","North Carolina","66.5 @ 67",66.5,67,0,,"north_carolina_6"
"1863-09-21",18,"http://books.google.com/books?id=D14mAQAAIAAJ&pg=PA325","North Carolina 6 per cent","North Carolina","66.5 @ 67",66.5,67,0,,"north_carolina_6"
"1864-06-22",19,"http://books.google.com/books?id=lGAmAQAAIAAJ&pg=PA77","North Carolina 6 per cent","North Carolina","58.5 @ 60",58.5,60,0,,"north_carolina_6"
"1864-12-28",19,"http://books.google.com/books?id=lGAmAQAAIAAJ&pg=PA589","North Carolina 6 per cent","North Carolina","58 @ 60",58,60,0,,"north_carolina_6"
"1865-11-25",20,"http://books.google.com/books?id=1HY9AAAAYAAJ&pg=PA509","North Carolina 6 per cent","North Carolina","82.5 @ 83",82.5,83,0,,"north_carolina_6"
"1865-12-23",20,"http://books.google.com/books?id=1HY9AAAAYAAJ&pg=PA591","North Carolina 6 per cent","North Carolina","81.5 @ 82",81.5,82,0,,"north_carolina_6"
"1865-11-25",20,"http://books.google.com/books?id=1HY9AAAAYAAJ&pg=PA509","Ohio","Ohio","97 @ 99",97,99,0,,
"1865-12-23",20,"http://books.google.com/books?id=1HY9AAAAYAAJ&pg=PA591","Ohio","Ohio","98.5 @ 100",98.5,100,0,,
"1855-06-28",10,"http://books.google.com/books?id=I1gmAQAAIAAJ&pg=PA78","Ohio 1875","Ohio","114",114,114,0,,"ohio_1875"
"1858-08-26",13,"http://books.google.com/books?id=HVomAQAAIAAJ&pg=PA239","Ohio 5 per cent","Ohio","95 @ 96",95,96,0,,
"1865-11-25",20,"http://books.google.com/books?id=1HY9AAAAYAAJ&pg=PA509","Ohio 5 per cent (1865)","Ohio","85",85,85,0,,
"1857-09-28",12,"http://books.google.com/books?id=g2QmAQAAIAAJ&pg=PA335","Ohio 6 per cent","Ohio","91 @ 95",91,95,0,,
"1863-06-20",18,"http://books.google.com/books?id=D14mAQAAIAAJ&pg=PA86","Ohio 6 per cent","Ohio","112 @ 115",112,115,0,,
"1858-02-25",12,"http://books.google.com/books?id=g2QmAQAAIAAJ&pg=PA766","Ohio 6 per cent (1860)","Ohio","100.5 @ 101",100.5,101,0,,"ohio_6_1860"
"1858-08-26",13,"http://books.google.com/books?id=HVomAQAAIAAJ&pg=PA239","Ohio 6 per cent (1860)","Ohio","101.5 @ 102",101.5,102,0,,"ohio_6_1860"
"1858-10-26",13,"http://books.google.com/books?id=HVomAQAAIAAJ&pg=PA414","Ohio 6 per cent (1860)","Ohio","102 @ 102.25",102,102.25,0,,"ohio_6_1860"
"1863-04-25",17,"http://books.google.com/books?id=tF0mAQAAIAAJ&pg=PA916","Ohio 6 per cent (1860)","Ohio","105",105,105,1,,"ohio_6_1860"
"1863-04-25",17,"http://books.google.com/books?id=tF0mAQAAIAAJ&pg=PA916","Ohio 6 per cent (1865)","Ohio","100 @ 108",100,108,1,,"ohio_6_1865"
"1858-02-25",12,"http://books.google.com/books?id=g2QmAQAAIAAJ&pg=PA766","Ohio 6 per cent (1870)","Ohio","103 @ 104",103,104,0,,"ohio_6_1870"
"1858-07-26",13,"http://books.google.com/books?id=HVomAQAAIAAJ&pg=PA159","Ohio 6 per cent (1870)","Ohio","108 @ 110",108,110,0,,"ohio_6_1870"
"1865-11-25",20,"http://books.google.com/books?id=1HY9AAAAYAAJ&pg=PA509","Ohio 6 per cent (1870)","Ohio","90 @ 95",90,95,0,,"ohio_6_1870"
"1858-02-25",12,"http://books.google.com/books?id=g2QmAQAAIAAJ&pg=PA766","Ohio 6 per cent (1875)","Ohio","104 @ 105",104,105,0,,"ohio_6_1875"
"1863-04-25",17,"http://books.google.com/books?id=tF0mAQAAIAAJ&pg=PA916","Ohio 6 per cent (1875)","Ohio","112",112,112,1,,"ohio_6_1875"
"1865-11-25",20,"http://books.google.com/books?id=1HY9AAAAYAAJ&pg=PA509","Ohio 6 per cent (1875)","Ohio","94 @ 97",94,97,0,,"ohio_6_1875"
"1863-04-25",17,"http://books.google.com/books?id=tF0mAQAAIAAJ&pg=PA916","Ohio 6 per cent (1881)","Ohio","110 @ 115",110,115,1,,"ohio_6_1881"
"1865-11-25",20,"http://books.google.com/books?id=1HY9AAAAYAAJ&pg=PA509","Ohio 6 per cent (1881)","Ohio","98 @ 99",98,99,0,,"ohio_6_1881"
"1858-02-25",12,"http://books.google.com/books?id=g2QmAQAAIAAJ&pg=PA766","Ohio 6 per cent (1886)","Ohio","106.5 @ 107.5",106.5,107.5,0,,"ohio_6_1886"
"1858-04-25",12,"http://books.google.com/books?id=g2QmAQAAIAAJ&pg=PA927","Ohio 6 per cent (1886)","Ohio","106 @ 107",106,107,0,,"ohio_6_1886"
"1862-01-24",16,"http://books.google.com/books?id=B10mAQAAIAAJ&pg=PA653","Ohio 6 per cent (1886)","Ohio","93",93,93,0,,"ohio_6_1886"
"1862-02-22",16,"http://books.google.com/books?id=B10mAQAAIAAJ&pg=PA751","Ohio 6 per cent (1886)","Ohio","93 @ 97",93,97,0,,"ohio_6_1886"
"1863-08-20",18,"http://books.google.com/books?id=D14mAQAAIAAJ&pg=PA246","Ohio 6 per cent (1886)","Ohio","107 @ 109",107,109,0,,"ohio_6_1886"
"1863-09-21",18,"http://books.google.com/books?id=D14mAQAAIAAJ&pg=PA325","Ohio 6 per cent (1886)","Ohio","108 @ 110",108,110,0,,"ohio_6_1886"
"1864-11-26",19,"http://books.google.com/books?id=lGAmAQAAIAAJ&pg=PA510","Ohio 6 per cent (1886)","Ohio","106 @ 107",106,107,0,,"ohio_6_1886"
"1865-02-21",19,"http://books.google.com/books?id=lGAmAQAAIAAJ&pg=PA766","Ohio 6 per cent (1886)","Ohio","104",104,104,0,,"ohio_6_1886"
"1865-11-25",20,"http://books.google.com/books?id=1HY9AAAAYAAJ&pg=PA509","Ohio 6 per cent (1886)","Ohio","98",98,98,0,,"ohio_6_1886"
"1859-06-25",14,"http://books.google.com/books?id=H1smAQAAIAAJ&lr&pg=PA77","Ohio 6 per cent 1860","Ohio","102 @ 102.25",102,102.25,1,,"ohio_6_1860"
"1861-09-24",16,"http://books.google.com/books?id=B10mAQAAIAAJ&pg=PA317","Ohio 6 per cent War Loan","Ohio","85 @ 88",85,88,0,,
"1865-12-23",20,"http://books.google.com/books?id=1HY9AAAAYAAJ&pg=PA591","Pennsylvania","Pennsylvania","99.5 @ 100",99.5,100,0,,"pennsylvania_5"
"1859-11-26",14,"http://books.google.com/books?id=H1smAQAAIAAJ&lr&pg=PA494","Pennsylvania 5","Pennsylvania","92.5 @ 93.75",92.5,93.75,0,,"pennsylvania_5"
"1863-11-25",18,"http://books.google.com/books?id=D14mAQAAIAAJ&pg=PA500","Pennsylvania 5","Pennsylvania","103 @ 103.5",103,103.5,0,,"pennsylvania_5"
"1863-09-21",18,"http://books.google.com/books?id=D14mAQAAIAAJ&pg=PA325","Pennsylvania 5 per cent","Pennsylvania","103.5 @ 104",103.5,104,0,,"pennsylvania_5"
"1863-11-25",18,"http://books.google.com/books?id=D14mAQAAIAAJ&pg=PA500","Pennsylvania 5 per cent","Pennsylvania","103 @ 103.5",103,103.5,0,,"pennsylvania_5"
"1864-11-26",19,"http://books.google.com/books?id=lGAmAQAAIAAJ&pg=PA510","Pennsylvania 5 per cent","Pennsylvania","99 @ 100",99,100,0,,"pennsylvania_5"
"1864-12-28",19,"http://books.google.com/books?id=lGAmAQAAIAAJ&pg=PA589","Pennsylvania 5 per cent","Pennsylvania","95.5 @ 96",95.5,96,0,,"pennsylvania_5"
"1865-11-25",20,"http://books.google.com/books?id=1HY9AAAAYAAJ&pg=PA509","Pennsylvania 5 per cent","Pennsylvania","93 @ 94",93,94,0,,"pennsylvania_5"
"1864-09-20",19,"http://books.google.com/books?id=lGAmAQAAIAAJ&pg=PA317","Pennsylvania 6 per cent","Pennsylvania","106 @ 106.5",106,106.5,0,,"pennsylvania_6"
"1859-06-25",14,"http://books.google.com/books?id=H1smAQAAIAAJ&lr&pg=PA77","Pennsylvania coupon, 1877 5 per cent","Pennsylvania","93.5",93.5,93.5,1,,"pennsylvania_5_1877"
"1863-09-21",18,"http://books.google.com/books?id=D14mAQAAIAAJ&pg=PA325","Rhode Island","Rhode Island","119 @ 120",119,120,0,,"rhode_island"
"1863-09-21",18,"http://books.google.com/books?id=D14mAQAAIAAJ&pg=PA325","Rhode Island","Rhode Island","119 @ 120",119,120,0,,"rhode_island"
"1863-10-24",18,"http://books.google.com/books?id=D14mAQAAIAAJ&pg=PA406","Rhode Island","Rhode Island","119 @ 120",119,120,0,,"rhode_island"
"1863-10-24",18,"http://books.google.com/books?id=D14mAQAAIAAJ&pg=PA406","Rhode Island","Rhode Island","119 @ 120",119,120,0,,"rhode_island"
"1863-11-25",18,"http://books.google.com/books?id=D14mAQAAIAAJ&pg=PA500","Rhode Island","Rhode Island","108 @ 110",108,110,0,,"rhode_island"
"1863-11-25",18,"http://books.google.com/books?id=D14mAQAAIAAJ&pg=PA500","Rhode Island","Rhode Island","119 @ 120",119,120,0,,"rhode_island"
"1863-11-25",18,"http://books.google.com/books?id=D14mAQAAIAAJ&pg=PA500","Rhode Island","Rhode Island","114 @ 115",114,115,0,,"rhode_island"
"1864-06-22",19,"http://books.google.com/books?id=lGAmAQAAIAAJ&pg=PA77","Rhode Island","Rhode Island","105 @ 106",105,106,0,,"rhode_island"
"1864-12-28",19,"http://books.google.com/books?id=lGAmAQAAIAAJ&pg=PA589","Rhode Island","Rhode Island","99.75 @ 101",99.75,101,0,,"rhode_island"
"1865-02-21",19,"http://books.google.com/books?id=lGAmAQAAIAAJ&pg=PA766","Rhode Island","Rhode Island","100 @ 102",100,102,0,,"rhode_island"
"1865-05-24",19,"http://books.google.com/books?id=lGAmAQAAIAAJ&pg=PA1016","Rhode Island","Rhode Island","98 @ 100",98,100,0,,"rhode_island"
"1865-06-28",20,"http://books.google.com/books?id=1HY9AAAAYAAJ&pg=PA93","Rhode Island","Rhode Island","97 @ 100",97,100,0,,"rhode_island"
"1865-11-25",20,"http://books.google.com/books?id=1HY9AAAAYAAJ&pg=PA509","Rhode Island","Rhode Island","96.5 @ 98",96.5,98,0,,"rhode_island"
"1865-12-23",20,"http://books.google.com/books?id=1HY9AAAAYAAJ&pg=PA591","Rhode Island","Rhode Island","92 @ 97",92,97,0,,"rhode_island"
"1863-08-20",18,"http://books.google.com/books?id=D14mAQAAIAAJ&pg=PA246","Rhode Island coupons 1871","Rhode Island","119 @ 120",119,120,0,,"rhode_island_1871"
"1863-06-20",18,"http://books.google.com/books?id=D14mAQAAIAAJ&pg=PA86","Rhode Island sixes","Rhode Island","119 @ 120",119,120,0,,"rhode_island"
"1865-07-25",20,"http://books.google.com/books?id=1HY9AAAAYAAJ&pg=PA189","Rhode Island sixes, War loan","Rhode Island","97 @ 100",97,100,0,,"rhode_island"
"1863-08-20",18,"http://books.google.com/books?id=D14mAQAAIAAJ&pg=PA246","Rhode Island War Loan","Rhode Island","109 @ 112",109,112,0,,"rhode_island"
"1864-09-20",19,"http://books.google.com/books?id=lGAmAQAAIAAJ&pg=PA317","Rhone Island","Rhode Island","100",100,100,0,,"rhode_island"
"1863-09-21",18,"http://books.google.com/books?id=D14mAQAAIAAJ&pg=PA325","Tennessee","Tennessee","65 @ 66",65,66,0,,"tennessee"
"1864-12-28",19,"http://books.google.com/books?id=lGAmAQAAIAAJ&pg=PA589","Tennessee","Tennessee","56 @ 58",56,58,0,,"tennessee"
"1865-11-25",20,"http://books.google.com/books?id=1HY9AAAAYAAJ&pg=PA509","Tennessee","Tennessee","87.5 @ 90",87.5,90,0,,"tennessee"
"1865-12-23",20,"http://books.google.com/books?id=1HY9AAAAYAAJ&pg=PA591","Tennessee","Tennessee","90 @ 91",90,91,0,,"tennessee"
"1860-07-25",15,"http://books.google.com/books?id=KVwmAQAAIAAJ&pg=PA165","Tennessee sixes","Tennessee","91.75 @ 93",91.75,93,0,,"tennessee"
"1860-09-26",15,"http://books.google.com/books?id=KVwmAQAAIAAJ&pg=PA333","Tennessee sixes","Tennessee","90.5 @ 91",90.5,91,0,,"tennessee"
"1861-05-24",15,"http://books.google.com/books?id=KVwmAQAAIAAJ&pg=PA946","Tennessee sixes","Tennessee","41.5 @ 47.5",41.5,47.5,0,,"tennessee"
"1861-10-24",16,"http://books.google.com/books?id=B10mAQAAIAAJ&pg=PA397","Tennessee sixes","Tennessee","43 @ 44",43,44,0,,"tennessee"
"1861-12-28",16,"http://books.google.com/books?id=B10mAQAAIAAJ&pg=PA558","Tennessee sixes","Tennessee","40.25 @ 45",40.25,45,0,,"tennessee"
"1862-01-24",16,"http://books.google.com/books?id=B10mAQAAIAAJ&pg=PA653","Tennessee sixes","Tennessee","42 @ 43.75",42,43.75,0,,"tennessee"
"1862-06-24",17,"http://books.google.com/books?id=tF0mAQAAIAAJ&pg=PA90","Tennessee sixes","Tennessee","58.25 @ 60.5",58.25,60.5,0,,"tennessee"
"1863-09-21",18,"http://books.google.com/books?id=D14mAQAAIAAJ&pg=PA325","Tennessee sixes","Tennessee","65 @ 66",65,66,0,,"tennessee"
"1864-06-22",19,"http://books.google.com/books?id=lGAmAQAAIAAJ&pg=PA77","Tennessee sixes","Tennessee","60 @ 61",60,61,0,,"tennessee"
"1865-07-25",20,"http://books.google.com/books?id=1HY9AAAAYAAJ&pg=PA189","Compound interest August","US","1 @ 1.75",1,1.75,0,,
"1865-07-25",20,"http://books.google.com/books?id=1HY9AAAAYAAJ&pg=PA189","Compound interest July","US","1.25 @ 1.5",1.25,1.5,0,,
"1865-07-25",20,"http://books.google.com/books?id=1HY9AAAAYAAJ&pg=PA189","Compound interest June","US","2 @ 2.5",2,2.5,0,,
"1865-07-25",20,"http://books.google.com/books?id=1HY9AAAAYAAJ&pg=PA189","Compound interest October","US","0.25 @ 0.5",0.25,0.5,0,,
"1865-06-28",20,"http://books.google.com/books?id=1HY9AAAAYAAJ&pg=PA93","US 10-40's","US","95.75 @ 96.75",95.75,96.75,0,,
"1865-07-25",20,"http://books.google.com/books?id=1HY9AAAAYAAJ&pg=PA189","US 10-40's","US","97 @ 98",97,98,0,,
"1865-11-25",20,"http://books.google.com/books?id=1HY9AAAAYAAJ&pg=PA509","US 10-40's","US","90.875 @ 91",90.875,91,0,,
"1866-04-24",20,"http://books.google.com/books?id=1HY9AAAAYAAJ&pg=PA914","US 10-40's coupon","US","93.25 @ 93.75",93.25,93.75,1,,
"1866-04-24",20,"http://books.google.com/books?id=1HY9AAAAYAAJ&pg=PA914","US 10-40's reg","US","92.625 @ 93.5",92.625,93.5,1,,
"1866-04-24",20,"http://books.google.com/books?id=1HY9AAAAYAAJ&pg=PA914","US 5 per cent 1860 coupon","US","96",96,96,1,,
"1866-04-24",20,"http://books.google.com/books?id=1HY9AAAAYAAJ&pg=PA914","US 5 per cent 1860 reg","US","96",96,96,1,,
"1862-05-25",16,"http://books.google.com/books?id=B10mAQAAIAAJ&pg=PA973","US 5 per cent 1865","US","98",98,98,1,,
"1863-04-25",17,"http://books.google.com/books?id=tF0mAQAAIAAJ&pg=PA916","US 5 per cent 1865 (coupons)","US","101.5",101.5,101.5,1,,
"1864-04-20",18,"http://books.google.com/books?id=D14mAQAAIAAJ&pg=PA925","US 5 per cent 1865 coupon","US","165 @ 170",165,170,1,,
"1862-05-25",16,"http://books.google.com/books?id=B10mAQAAIAAJ&pg=PA973","US 5 per cent 1871 (coupon)","US","93 @ 94.5",93,94.5,1,,
"1863-04-25",17,"http://books.google.com/books?id=tF0mAQAAIAAJ&pg=PA916","US 5 per cent 1871 (coupons)","US","90",90,90,1,,
"1862-05-25",16,"http://books.google.com/books?id=B10mAQAAIAAJ&pg=PA973","US 5 per cent 1871 (registered)","US","93.5 @ 94.5",93.5,94.5,1,,
"1863-04-25",17,"http://books.google.com/books?id=tF0mAQAAIAAJ&pg=PA916","US 5 per cent 1871 (registered)","US","90 @ 95",90,95,1,,
"1864-04-20",18,"http://books.google.com/books?id=D14mAQAAIAAJ&pg=PA925","US 5 per cent 1871 coupon","US","106.5",106.5,106.5,1,,
"1864-04-20",18,"http://books.google.com/books?id=D14mAQAAIAAJ&pg=PA925","US 5 per cent 1871 registered","US","105.5 @ 106",105.5,106,1,,
"1864-11-26",19,"http://books.google.com/books?id=lGAmAQAAIAAJ&pg=PA510","US 5 per cent 1874","US","95 @ 96",95,96,0,,
"1864-12-28",19,"http://books.google.com/books?id=lGAmAQAAIAAJ&pg=PA589","US 5 per cent 1874","US","105 @ 110",105,110,0,,
"1865-02-21",19,"http://books.google.com/books?id=lGAmAQAAIAAJ&pg=PA766","US 5 per cent 1874","US","103 @ 104",103,104,0,,
"1865-03-22",19,"http://books.google.com/books?id=lGAmAQAAIAAJ&pg=PA862","US 5 per cent 1874","US","100 @ 103",100,103,0,,
"1865-04-22",19,"http://books.google.com/books?id=lGAmAQAAIAAJ&pg=PA940","US 5 per cent 1874","US","100",100,100,0,,
"1865-06-28",20,"http://books.google.com/books?id=1HY9AAAAYAAJ&pg=PA93","US 5 per cent 1874","US","98 @ 99",98,99,0,,
"1862-05-25",16,"http://books.google.com/books?id=B10mAQAAIAAJ&pg=PA973","US 5 per cent 1874 (coupon)","US","92.75 @ 94",92.75,94,1,,
"1863-04-25",17,"http://books.google.com/books?id=tF0mAQAAIAAJ&pg=PA916","US 5 per cent 1874 (coupons)","US","95.5 @ 96",95.5,96,1,,
"1862-05-25",16,"http://books.google.com/books?id=B10mAQAAIAAJ&pg=PA973","US 5 per cent 1874 (registered)","US","93 @ 94.5",93,94.5,1,,
"1864-04-20",18,"http://books.google.com/books?id=D14mAQAAIAAJ&pg=PA925","US 5 per cent 1874 coupon","US","101 @ 103",101,103,1,,
"1864-04-20",18,"http://books.google.com/books?id=D14mAQAAIAAJ&pg=PA925","US 5 per cent 1874 registered","US","103",103,103,1,,
"1864-04-20",18,"http://books.google.com/books?id=D14mAQAAIAAJ&pg=PA925","US 5 per cent clean","US","106 @ 107",106,107,1,,
"1865-12-23",20,"http://books.google.com/books?id=1HY9AAAAYAAJ&pg=PA591","US 5 per cents 1864","US","91.5 @ 92",91.5,92,0,,
"1864-03-26",18,"http://books.google.com/books?id=D14mAQAAIAAJ&pg=PA846","US 5-20's","US","109.75 @ 110",109.75,110,0,,
"1864-08-20",19,"http://books.google.com/books?id=lGAmAQAAIAAJ&pg=PA237","US 5-20's ","US","108.75 @ 109",108.75,109,0,,
"1864-10-20",19,"http://books.google.com/books?id=lGAmAQAAIAAJ&pg=PA413","US 5-20's ","US","107.75 @ 108",107.75,108,0,,
"1865-03-22",19,"http://books.google.com/books?id=lGAmAQAAIAAJ&pg=PA862","US 5-20's ","US","111 @ 112",111,112,0,,
"1865-04-22",19,"http://books.google.com/books?id=lGAmAQAAIAAJ&pg=PA940","US 5-20's ","US","107 @ 108",107,108,0,,
"1865-11-25",20,"http://books.google.com/books?id=1HY9AAAAYAAJ&pg=PA509","US 5-20's ","US","100 @ 100",100,100,0,,
"1865-12-23",20,"http://books.google.com/books?id=1HY9AAAAYAAJ&pg=PA591","US 5-20's (1862)","US","102.5 @ 104",102.5,104,0,,
"1865-12-23",20,"http://books.google.com/books?id=1HY9AAAAYAAJ&pg=PA591","US 5-20's (1864)","US","99.75 @ 100",99.75,100,0,,
"1863-04-25",17,"http://books.google.com/books?id=tF0mAQAAIAAJ&pg=PA916","US 5-20's (coupon)","US","104",104,104,1,,
"1863-04-25",17,"http://books.google.com/books?id=tF0mAQAAIAAJ&pg=PA916","US 5-20's (registered)","US","102.5",102.5,102.5,1,,
"1864-04-20",18,"http://books.google.com/books?id=D14mAQAAIAAJ&pg=PA925","US 5-20's coupon","US","110 @ 110.25",110,110.25,1,,
"1866-04-24",20,"http://books.google.com/books?id=1HY9AAAAYAAJ&pg=PA914","US 5-20's of 1862 coupon","US","104.75 @ 105",104.75,105,1,,
"1866-04-24",20,"http://books.google.com/books?id=1HY9AAAAYAAJ&pg=PA914","US 5-20's of 1862 reg","US","101 @ 101.25",101,101.25,1,,
"1866-04-24",20,"http://books.google.com/books?id=1HY9AAAAYAAJ&pg=PA914","US 5-20's of 1864 coupon","US","104.75 @ 105",104.75,105,1,,
"1866-04-24",20,"http://books.google.com/books?id=1HY9AAAAYAAJ&pg=PA914","US 5-20's of 1865 coupon","US","104.75 @ 104.875",104.75,104.875,1,,
"1864-04-20",18,"http://books.google.com/books?id=D14mAQAAIAAJ&pg=PA925","US 5-20's reg, ex. div.","US","107.25",107.25,107.25,1,,
"1866-04-24",20,"http://books.google.com/books?id=1HY9AAAAYAAJ&pg=PA914","US 6 per cent 1848 coupon","US","114",114,114,1,,
"1866-04-24",20,"http://books.google.com/books?id=1HY9AAAAYAAJ&pg=PA914","US 6 per cent 1848 reg","US","114 @ 114.75",114,114.75,1,,
"1866-04-24",20,"http://books.google.com/books?id=1HY9AAAAYAAJ&pg=PA914","US 6 per cent 1861 coupon","US","105.625 @ 105.75",105.625,105.75,1,,
"1866-04-24",20,"http://books.google.com/books?id=1HY9AAAAYAAJ&pg=PA914","US 6 per cent 1861 reg","US","105.5 @ 106",105.5,106,1,,
"1862-05-25",16,"http://books.google.com/books?id=B10mAQAAIAAJ&pg=PA973","US 6 per cent 1867","US","101.5",101.5,101.5,1,,"us_6pct_1868_jan"
"1863-04-25",17,"http://books.google.com/books?id=tF0mAQAAIAAJ&pg=PA916","US 6 per cent 1867","US","104 @ 105",104,105,1,,"us_6pct_1868_jan"
"1864-04-20",18,"http://books.google.com/books?id=D14mAQAAIAAJ&pg=PA925","US 6 per cent 1867","US","130",130,130,1,,"us_6pct_1868_jan"
"1864-07-23",19,"http://books.google.com/books?id=lGAmAQAAIAAJ&pg=PA157","US 6 per cent 1867","US","112",112,112,0,,"us_6pct_1868_jan"
"1865-04-22",19,"http://books.google.com/books?id=lGAmAQAAIAAJ&pg=PA940","US 6 per cent 1867","US","120 @ 122",120,122,0,,"us_6pct_1868_jan"
"1865-07-25",20,"http://books.google.com/books?id=1HY9AAAAYAAJ&pg=PA189","US 6 per cent 1867","US","114 @ 116",114,116,0,,"us_6pct_1868_jan"
"1865-06-28",20,"http://books.google.com/books?id=1HY9AAAAYAAJ&pg=PA93","US 6 per cent 1867-1868","US","113 @ 115",113,115,0,,"us_6pct_1868_(jan|jul)"
"1862-05-25",16,"http://books.google.com/books?id=B10mAQAAIAAJ&pg=PA973","US 6 per cent 1868","US","101.625 @ 102",101.625,102,1,,
"1863-04-25",17,"http://books.google.com/books?id=tF0mAQAAIAAJ&pg=PA916","US 6 per cent 1868","US","104 @ 105",104,105,1,,
"1864-04-20",18,"http://books.google.com/books?id=D14mAQAAIAAJ&pg=PA925","US 6 per cent 1868","US","132",132,132,1,,
"1865-04-22",19,"http://books.google.com/books?id=lGAmAQAAIAAJ&pg=PA940","US 6 per cent 1868","US","115 @ 116",115,116,0,,
"1865-07-25",20,"http://books.google.com/books?id=1HY9AAAAYAAJ&pg=PA189","US 6 per cent 1868","US","113 @ 115",113,115,0,,
"1862-05-25",16,"http://books.google.com/books?id=B10mAQAAIAAJ&pg=PA973","US 6 per cent 1868 (coupon)","US","102",102,102,1,,
"1863-04-25",17,"http://books.google.com/books?id=tF0mAQAAIAAJ&pg=PA916","US 6 per cent 1868 (coupon)","US","105 @ 107",105,107,1,,
"1864-04-20",18,"http://books.google.com/books?id=D14mAQAAIAAJ&pg=PA925","US 6 per cent 1868 (coupon)","US","127",127,127,1,,
"1865-07-25",20,"http://books.google.com/books?id=1HY9AAAAYAAJ&pg=PA189","US 6 per cent 188-1884","US","104.75 @ 107",104.75,107,0,,
"1863-10-24",18,"http://books.google.com/books?id=D14mAQAAIAAJ&pg=PA406","US 6 per cent 1881","US","109.5 @ 110.5",109.5,110.5,0,,
"1863-11-25",18,"http://books.google.com/books?id=D14mAQAAIAAJ&pg=PA500","US 6 per cent 1881","US","109 @ 110",109,110,0,,
"1864-03-26",18,"http://books.google.com/books?id=D14mAQAAIAAJ&pg=PA846","US 6 per cent 1881","US","112.25",112.25,112.25,0,,
"1864-04-20",18,"http://books.google.com/books?id=D14mAQAAIAAJ&pg=PA925","US 6 per cent 1881","US","115 @ 118",115,118,1,,
"1864-07-23",19,"http://books.google.com/books?id=lGAmAQAAIAAJ&pg=PA157","US 6 per cent 1881","US","102.75 @ 103",102.75,103,0,,
"1864-10-20",19,"http://books.google.com/books?id=lGAmAQAAIAAJ&pg=PA413","US 6 per cent 1881","US","109.5 @ 110.5",109.5,110.5,0,,
"1864-11-26",19,"http://books.google.com/books?id=lGAmAQAAIAAJ&pg=PA510","US 6 per cent 1881","US","110.5 @ 111",110.5,111,0,,
"1864-12-28",19,"http://books.google.com/books?id=lGAmAQAAIAAJ&pg=PA589","US 6 per cent 1881","US","117.5 @ 118",117.5,118,0,,
"1865-02-21",19,"http://books.google.com/books?id=lGAmAQAAIAAJ&pg=PA766","US 6 per cent 1881","US","110.75 @ 112",110.75,112,0,,
"1865-04-22",19,"http://books.google.com/books?id=lGAmAQAAIAAJ&pg=PA940","US 6 per cent 1881","US","109.25 @ 110",109.25,110,0,,
"1865-06-28",20,"http://books.google.com/books?id=1HY9AAAAYAAJ&pg=PA93","US 6 per cent 1881","US","110.25 @ 111",110.25,111,0,,
"1865-11-25",20,"http://books.google.com/books?id=1HY9AAAAYAAJ&pg=PA509","US 6 per cent 1881","US","105.5 @ 106",105.5,106,0,,
"1864-04-20",18,"http://books.google.com/books?id=D14mAQAAIAAJ&pg=PA925","US 6 per cent 1881 (end)","US","111",111,111,1,,
"1864-07-23",19,"http://books.google.com/books?id=lGAmAQAAIAAJ&pg=PA157","US 6 per cent certificates of indebtedness","US","94 @ 94.5",94,94.5,0,,
"1864-08-20",19,"http://books.google.com/books?id=lGAmAQAAIAAJ&pg=PA237","US 6 per cent certificates of indebtedness","US","95 @ 96",95,96,0,,
"1865-06-28",20,"http://books.google.com/books?id=1HY9AAAAYAAJ&pg=PA93","US 6 per cent certificates of indebtedness","US","99.5 @ 99.75",99.5,99.75,0,,
"1865-07-25",20,"http://books.google.com/books?id=1HY9AAAAYAAJ&pg=PA189","US 6 per cent certificates of indebtedness","US","98 @ 98.25",98,98.25,0,,
"1865-12-23",20,"http://books.google.com/books?id=1HY9AAAAYAAJ&pg=PA591","US 6 per cent certificates of indebtedness","US","97.75 @ 98.25",97.75,98.25,0,,
"1866-04-24",20,"http://books.google.com/books?id=1HY9AAAAYAAJ&pg=PA914","US 6 per cent certificates of indebtedness","US","99.75 @ 100",99.75,100,1,,
"1863-11-25",18,"http://books.google.com/books?id=D14mAQAAIAAJ&pg=PA500","US 7-30 per cent","US","106.5 @ 107",106.5,107,0,,
"1864-07-23",19,"http://books.google.com/books?id=lGAmAQAAIAAJ&pg=PA157","US 7-30 per cent","US","104.5 @ 105",104.5,105,0,,
"1864-10-20",19,"http://books.google.com/books?id=lGAmAQAAIAAJ&pg=PA413","US 7-30 per cent","US","106 @ 107",106,107,0,,
"1865-12-23",20,"http://books.google.com/books?id=1HY9AAAAYAAJ&pg=PA591","US 7-30 per cent","US","97.75 @ 98",97.75,98,0,,
"1865-11-25",20,"http://books.google.com/books?id=1HY9AAAAYAAJ&pg=PA509","US 7-30 per cent 1st","US","97.25 @ 97.5",97.25,97.5,0,,
"1866-04-24",20,"http://books.google.com/books?id=1HY9AAAAYAAJ&pg=PA914","US 7-30 per cent 1st","US","101.5 @ 100.75",101.5,100.75,1,,
"1865-11-25",20,"http://books.google.com/books?id=1HY9AAAAYAAJ&pg=PA509","US 7-30 per cent 2nd","US","96.875 @ 97",96.875,97,0,,
"1866-04-24",20,"http://books.google.com/books?id=1HY9AAAAYAAJ&pg=PA914","US 7-30 per cent 2nd","US","101.25 @ 101.75",101.25,101.75,1,,
"1865-11-25",20,"http://books.google.com/books?id=1HY9AAAAYAAJ&pg=PA509","US 7-30 per cent 3rd","US","96.75 @ 96.875",96.75,96.875,0,,
"1866-04-24",20,"http://books.google.com/books?id=1HY9AAAAYAAJ&pg=PA914","US 7-30 per cent 3rd","US","101.75 @ 100.75",101.75,100.75,1,,
"1866-04-24",20,"http://books.google.com/books?id=1HY9AAAAYAAJ&pg=PA914","US Bonds of 1874","US","119 @ 120",119,120,1,,
"1865-11-25",20,"http://books.google.com/books?id=1HY9AAAAYAAJ&pg=PA509","US Compound Interest Note Aug","US","103.5 @ 104",103.5,104,0,,
"1865-11-25",20,"http://books.google.com/books?id=1HY9AAAAYAAJ&pg=PA509","US Compound Interest Note Dec","US","101.5 @ 102",101.5,102,0,,
"1865-11-25",20,"http://books.google.com/books?id=1HY9AAAAYAAJ&pg=PA509","US Compound Interest Note July","US","104 @ 104.5",104,104.5,0,,
"1865-11-25",20,"http://books.google.com/books?id=1HY9AAAAYAAJ&pg=PA509","US Compound Interest Note June","US","104.5 @ 105.5",104.5,105.5,0,,
"1865-11-25",20,"http://books.google.com/books?id=1HY9AAAAYAAJ&pg=PA509","US Compound Interest Note Mar 1865","US","100 @ 100.5",100,100.5,0,,
"1865-11-25",20,"http://books.google.com/books?id=1HY9AAAAYAAJ&pg=PA509","US Compound Interest Note Oct","US","102.25 @ 103",102.25,103,0,,
"1862-05-25",16,"http://books.google.com/books?id=B10mAQAAIAAJ&pg=PA973","US One Year Certificates","US","100 @ 100.125",100,100.125,1,,
"1863-04-25",17,"http://books.google.com/books?id=tF0mAQAAIAAJ&pg=PA916","US Oregon 1/2 Year","US","102 @ 103",102,103,1,,
"1863-04-25",17,"http://books.google.com/books?id=tF0mAQAAIAAJ&pg=PA916","US Oregon War Loan ","US","102 @ 105",102,105,1,,
"1862-05-25",16,"http://books.google.com/books?id=B10mAQAAIAAJ&pg=PA973","US Oregon War Loan, 1881","US","103",103,103,1,,
"1862-05-25",16,"http://books.google.com/books?id=B10mAQAAIAAJ&pg=PA973","US Treasury Notes, large, 7.30","US","104.5 @ 104.75",104.5,104.75,1,,
"1862-05-25",16,"http://books.google.com/books?id=B10mAQAAIAAJ&pg=PA973","US Treasury Notes, small, 7.30","US","104.5 @ 104.625",104.5,104.625,1,,
"1863-09-21",18,"http://books.google.com/books?id=D14mAQAAIAAJ&pg=PA325","Vermont","Vermont","108 @ 110",108,110,0,,"vermont"
"1863-10-24",18,"http://books.google.com/books?id=D14mAQAAIAAJ&pg=PA406","Vermont","Vermont","108 @ 110",108,110,0,,"vermont"
"1864-09-20",19,"http://books.google.com/books?id=lGAmAQAAIAAJ&pg=PA317","Vermont","Vermont","100 @ 102",100,102,0,,"vermont"
"1864-12-28",19,"http://books.google.com/books?id=lGAmAQAAIAAJ&pg=PA589","Vermont","Vermont","100 @ 103",100,103,0,,"vermont"
"1865-02-21",19,"http://books.google.com/books?id=lGAmAQAAIAAJ&pg=PA766","Vermont","Vermont","97.5 @ 98",97.5,98,0,,"vermont"
"1865-05-24",19,"http://books.google.com/books?id=lGAmAQAAIAAJ&pg=PA1016","Vermont","Vermont","91 @ 95",91,95,0,,"vermont"
"1865-07-25",20,"http://books.google.com/books?id=1HY9AAAAYAAJ&pg=PA189","Vermont","Vermont","95 @ 96",95,96,0,,"vermont"
"1865-12-23",20,"http://books.google.com/books?id=1HY9AAAAYAAJ&pg=PA591","Vermont","Vermont","95.75 @ 97",95.75,97,0,,"vermont"
"1865-06-28",20,"http://books.google.com/books?id=1HY9AAAAYAAJ&pg=PA93","Vermont ","Vermont","94 @ 96",94,96,0,,"vermont"
"1865-11-25",20,"http://books.google.com/books?id=1HY9AAAAYAAJ&pg=PA509","Vermont ","Vermont","96 @ 98",96,98,0,,"vermont"
"1863-10-24",18,"http://books.google.com/books?id=D14mAQAAIAAJ&pg=PA406","Vermont  ","Vermont","108 @ 110",108,110,0,,"vermont"
"1863-06-20",18,"http://books.google.com/books?id=D14mAQAAIAAJ&pg=PA86","Vermont 6","Vermont","114 @ 115",114,115,0,,"vermont"
"1863-09-21",18,"http://books.google.com/books?id=D14mAQAAIAAJ&pg=PA325","Vermont 6","Vermont","108 @ 110",108,110,0,,"vermont"
"1863-11-25",18,"http://books.google.com/books?id=D14mAQAAIAAJ&pg=PA500","Vermont 6","Vermont","108 @ 110",108,110,0,,"vermont"
"1864-03-26",18,"http://books.google.com/books?id=D14mAQAAIAAJ&pg=PA846","Vermont 6","Vermont","103.75 @ 104.5",103.75,104.5,0,,"vermont"
"1864-06-22",19,"http://books.google.com/books?id=lGAmAQAAIAAJ&pg=PA77","Vermont 6","Vermont","103.5 @ 105",103.5,105,0,,"vermont"
"1863-11-25",18,"http://books.google.com/books?id=D14mAQAAIAAJ&pg=PA500","Vermont war loan","Vermont","114 @ 115",114,115,0,,"vermont"
"1855-06-28",10,"http://books.google.com/books?id=I1gmAQAAIAAJ&pg=PA78","Virginia","Virginia","100 @ 101",100,101,0,,"virginia"
"1863-09-21",18,"http://books.google.com/books?id=D14mAQAAIAAJ&pg=PA325","Virginia","Virginia","60 @ 61",60,61,0,,"virginia"
"1864-12-28",19,"http://books.google.com/books?id=lGAmAQAAIAAJ&pg=PA589","Virginia","Virginia","51 @ 53",51,53,0,,"virginia"
"1865-12-23",20,"http://books.google.com/books?id=1HY9AAAAYAAJ&pg=PA591","Virginia","Virginia","63 @ 65",63,65,0,,"virginia"
"1856-02-23",10,"http://books.google.com/books?id=I1gmAQAAIAAJ&pg=PA750","Virginia 6 pc","Virginia","95.25 @ 96",95.25,96,0,,"virginia"
"1856-09-23",11,"http://books.google.com/books?id=MlkmAQAAIAAJ&pg=PA316","Virginia 6 pc","Virginia","91.5 @ 92",91.5,92,0,,"virginia"
"1857-04-24",11,"http://books.google.com/books?id=MlkmAQAAIAAJ&pg=PA911","Virginia 6 pc","Virginia","92 @ 92.5",92,92.5,0,,"virginia"
"1857-05-30",11,"http://books.google.com/books?id=MlkmAQAAIAAJ&pg=PA942","Virginia 6 pc","Virginia","91.5 @ 92",91.5,92,0,,"virginia"
"1858-11-24",13,"http://books.google.com/books?id=HVomAQAAIAAJ&pg=PA511","Virginia 6 pc","Virginia","95.875 @ 97.25",95.875,97.25,0,,"virginia"
"1859-03-26",13,"http://books.google.com/books?id=HVomAQAAIAAJ&pg=PA830","Virginia 6 pc","Virginia","98 @ 99",98,99,0,,"virginia"
"1859-05-28",13,"http://books.google.com/books?id=HVomAQAAIAAJ&pg=PA1007","Virginia 6 pc","Virginia","95 @ 98",95,98,0,,"virginia"
"1860-07-25",15,"http://books.google.com/books?id=KVwmAQAAIAAJ&pg=PA165","Virginia 6 pc","Virginia","93.125 @ 94.25",93.125,94.25,0,,"virginia"
"1860-09-26",15,"http://books.google.com/books?id=KVwmAQAAIAAJ&pg=PA333","Virginia 6 pc","Virginia","90.75 @ 92",90.75,92,0,,"virginia"
"1861-05-24",15,"http://books.google.com/books?id=KVwmAQAAIAAJ&pg=PA946","Virginia 6 pc","Virginia","43.5 @ 51.75",43.5,51.75,0,,"virginia"
"1861-08-24",16,"http://books.google.com/books?id=B10mAQAAIAAJ&pg=PA237","Virginia 6 pc","Virginia","54.5",54.5,54.5,0,,"virginia"
"1861-10-24",16,"http://books.google.com/books?id=B10mAQAAIAAJ&pg=PA397","Virginia 6 pc","Virginia","45.75 @ 46",45.75,46,0,,"virginia"
"1861-12-28",16,"http://books.google.com/books?id=B10mAQAAIAAJ&pg=PA558","Virginia 6 pc","Virginia","46 @ 48.5",46,48.5,0,,"virginia"
"1862-01-24",16,"http://books.google.com/books?id=B10mAQAAIAAJ&pg=PA653","Virginia 6 pc","Virginia","49 @ 50.5",49,50.5,0,,"virginia"
"1862-03-24",16,"http://books.google.com/books?id=B10mAQAAIAAJ&pg=PA830","Virginia 6 pc","Virginia","60 @ 63",60,63,0,,"virginia"
"1862-06-24",17,"http://books.google.com/books?id=tF0mAQAAIAAJ&pg=PA90","Virginia 6 pc","Virginia","56.5 @ 57",56.5,57,0,,"virginia"
"1863-09-21",18,"http://books.google.com/books?id=D14mAQAAIAAJ&pg=PA325","Virginia 6 pc","Virginia","60 @ 61",60,61,0,,"virginia"
"1864-06-22",19,"http://books.google.com/books?id=lGAmAQAAIAAJ&pg=PA77","Virginia 6 pc","Virginia","52 @ 58",52,58,0,,"virginia"
"1865-11-25",20,"http://books.google.com/books?id=1HY9AAAAYAAJ&pg=PA509","Virginia 6 per cent","Virginia","65 @ 70",65,70,0,,"virginia"
"1864-09-20",19,"http://books.google.com/books?id=lGAmAQAAIAAJ&pg=PA317","Wisconsin","Wisconsin","99 @ 101",99,101,0,,"wisconsin"
